#! /usr/bin/vvp
:ivl_version "13.0 (stable)" "(v13_0-dirty)";
:ivl_delay_selection "TYPICAL";
:vpi_time_precision + 0;
:vpi_module "/usr/lib/ivl/system.vpi";
:vpi_module "/usr/lib/ivl/vhdl_sys.vpi";
:vpi_module "/usr/lib/ivl/vhdl_textio.vpi";
:vpi_module "/usr/lib/ivl/v2005_math.vpi";
:vpi_module "/usr/lib/ivl/va_math.vpi";
S_0x55f13c682390 .scope module, "CPU" "CPU" 2 3;
 .timescale 0 0;
L_0x55f13c663f60 .functor OR 8, L_0x55f13c70f620, L_0x55f13c71b3b0, C4<00000000>, C4<00000000>;
L_0x55f13c662840 .functor OR 8, L_0x55f13c663f60, L_0x55f13c71bfc0, C4<00000000>, C4<00000000>;
L_0x55f13c670410 .functor OR 8, L_0x55f13c662840, L_0x55f13c71c650, C4<00000000>, C4<00000000>;
L_0x55f13c66a280 .functor OR 8, L_0x55f13c670410, L_0x55f13c71d9a0, C4<00000000>, C4<00000000>;
L_0x55f13c65dfc0 .functor OR 8, L_0x55f13c66a280, L_0x55f13c71d130, C4<00000000>, C4<00000000>;
L_0x55f13c665e00 .functor OR 8, L_0x55f13c65dfc0, L_0x55f13c71d810, C4<00000000>, C4<00000000>;
L_0x55f13c673400 .functor OR 8, L_0x55f13c665e00, L_0x55f13c71dd60, C4<00000000>, C4<00000000>;
L_0x55f13c673af0 .functor OR 8, L_0x55f13c673400, L_0x55f13c727310, C4<00000000>, C4<00000000>;
L_0x55f13c6741b0 .functor OR 16, L_0x55f13c705c30, L_0x55f13c706750, C4<0000000000000000>, C4<0000000000000000>;
L_0x55f13c674870 .functor OR 16, L_0x55f13c6741b0, L_0x55f13c706d40, C4<0000000000000000>, C4<0000000000000000>;
L_0x55f13c675010 .functor OR 16, L_0x55f13c705fb0, L_0x55f13c706320, C4<0000000000000000>, C4<0000000000000000>;
L_0x55f13c66e760 .functor OR 16, L_0x55f13c675010, L_0x55f13c706500, C4<0000000000000000>, C4<0000000000000000>;
L_0x55f13c6b2570 .functor OR 16, L_0x55f13c706a20, L_0x55f13c706b60, C4<0000000000000000>, C4<0000000000000000>;
L_0x55f13c6ab190 .functor BUFZ 4, L_0x55f13c71da90, C4<0000>, C4<0000>, C4<0000>;
v0x55f13c6f0aa0_0 .net *"_ivl_0", 7 0, L_0x55f13c663f60;  1 drivers
v0x55f13c6f0b40_0 .net *"_ivl_10", 7 0, L_0x55f13c665e00;  1 drivers
v0x55f13c6f0be0_0 .net *"_ivl_12", 7 0, L_0x55f13c673400;  1 drivers
L_0x7f91f73b7018 .functor BUFT 1, C4<0000000000000000>, C4<0>, C4<0>, C4<0>;
v0x55f13c6f0cb0_0 .net/2u *"_ivl_16", 15 0, L_0x7f91f73b7018;  1 drivers
v0x55f13c6f0d70_0 .net *"_ivl_2", 7 0, L_0x55f13c662840;  1 drivers
v0x55f13c6f0e50_0 .net *"_ivl_20", 15 0, L_0x55f13c6741b0;  1 drivers
v0x55f13c6f0f30_0 .net *"_ivl_24", 15 0, L_0x55f13c705fb0;  1 drivers
v0x55f13c6f1010_0 .net *"_ivl_26", 6 0, L_0x55f13c705f10;  1 drivers
L_0x7f91f73b7060 .functor BUFT 1, C4<000000000>, C4<0>, C4<0>, C4<0>;
v0x55f13c6f10f0_0 .net *"_ivl_28", 8 0, L_0x7f91f73b7060;  1 drivers
v0x55f13c6f11d0_0 .net *"_ivl_30", 15 0, L_0x55f13c7060f0;  1 drivers
L_0x7f91f73b70a8 .functor BUFT 1, C4<00000000>, C4<0>, C4<0>, C4<0>;
v0x55f13c6f12b0_0 .net *"_ivl_33", 7 0, L_0x7f91f73b70a8;  1 drivers
v0x55f13c6f1390_0 .net *"_ivl_34", 15 0, L_0x55f13c706320;  1 drivers
v0x55f13c6f1470_0 .net *"_ivl_36", 14 0, L_0x55f13c706230;  1 drivers
L_0x7f91f73b70f0 .functor BUFT 1, C4<0>, C4<0>, C4<0>, C4<0>;
v0x55f13c6f1550_0 .net *"_ivl_38", 0 0, L_0x7f91f73b70f0;  1 drivers
v0x55f13c6f1630_0 .net *"_ivl_4", 7 0, L_0x55f13c670410;  1 drivers
v0x55f13c6f1710_0 .net *"_ivl_40", 15 0, L_0x55f13c675010;  1 drivers
v0x55f13c6f17f0_0 .net *"_ivl_42", 15 0, L_0x55f13c706500;  1 drivers
L_0x7f91f73b7138 .functor BUFT 1, C4<000000000000000>, C4<0>, C4<0>, C4<0>;
v0x55f13c6f18d0_0 .net *"_ivl_45", 14 0, L_0x7f91f73b7138;  1 drivers
v0x55f13c6f19b0_0 .net *"_ivl_46", 15 0, L_0x55f13c66e760;  1 drivers
L_0x7f91f73b7180 .functor BUFT 1, C4<0000000000000000>, C4<0>, C4<0>, C4<0>;
v0x55f13c6f1a90_0 .net/2u *"_ivl_48", 15 0, L_0x7f91f73b7180;  1 drivers
v0x55f13c6f1b70_0 .net *"_ivl_52", 15 0, L_0x55f13c706a20;  1 drivers
v0x55f13c6f1c50_0 .net *"_ivl_54", 7 0, L_0x55f13c706930;  1 drivers
L_0x7f91f73b71c8 .functor BUFT 1, C4<00000000>, C4<0>, C4<0>, C4<0>;
v0x55f13c6f1d30_0 .net *"_ivl_56", 7 0, L_0x7f91f73b71c8;  1 drivers
v0x55f13c6f1e10_0 .net *"_ivl_58", 15 0, L_0x55f13c706b60;  1 drivers
v0x55f13c6f1ef0_0 .net *"_ivl_6", 7 0, L_0x55f13c66a280;  1 drivers
L_0x7f91f73b7210 .functor BUFT 1, C4<00000000>, C4<0>, C4<0>, C4<0>;
v0x55f13c6f1fd0_0 .net *"_ivl_61", 7 0, L_0x7f91f73b7210;  1 drivers
v0x55f13c6f20b0_0 .net *"_ivl_62", 15 0, L_0x55f13c6b2570;  1 drivers
L_0x7f91f73b7258 .functor BUFT 1, C4<0000000000000000>, C4<0>, C4<0>, C4<0>;
v0x55f13c6f2190_0 .net/2u *"_ivl_64", 15 0, L_0x7f91f73b7258;  1 drivers
v0x55f13c6f2270_0 .net *"_ivl_8", 7 0, L_0x55f13c65dfc0;  1 drivers
v0x55f13c6f2350_0 .net "alu_bus", 7 0, L_0x55f13c71b3b0;  1 drivers
v0x55f13c6f2410_0 .net "alu_flags_out", 3 0, L_0x55f13c71b580;  1 drivers
v0x55f13c6f24b0_0 .net "alu_op1_write", 0 0, L_0x55f13c722060;  1 drivers
v0x55f13c6f25a0_0 .net "alu_op2_write", 0 0, L_0x55f13c722280;  1 drivers
v0x55f13c6f28a0_0 .net "alu_opcode", 3 0, L_0x55f13c7265c0;  1 drivers
v0x55f13c6f29b0_0 .net "alu_read", 0 0, L_0x55f13c720ba0;  1 drivers
v0x55f13c6f2aa0_0 .net "bus", 7 0, L_0x55f13c673af0;  1 drivers
v0x55f13c6f2b60_0 .net "byte_sel", 0 0, L_0x55f13c725020;  1 drivers
v0x55f13c6f2c00_0 .var "clk", 0 0;
v0x55f13c6f2ca0_0 .net "clk_phase", 1 0, v0x55f13c6bfb80_0;  1 drivers
v0x55f13c6f2d60_0 .net "control_unit_bus", 7 0, L_0x55f13c727310;  1 drivers
v0x55f13c6f2e20_0 .net "flags", 3 0, L_0x55f13c6ab190;  1 drivers
v0x55f13c6f2f10_0 .net "gr_read", 0 0, L_0x55f13c720910;  1 drivers
v0x55f13c6f2fb0_0 .net "gr_sel_read", 3 0, L_0x55f13c726aa0;  1 drivers
v0x55f13c6f3070_0 .net "gr_sel_write", 3 0, L_0x55f13c727110;  1 drivers
v0x55f13c6f3130_0 .net "gr_write", 0 0, L_0x55f13c721d70;  1 drivers
o0x7f91f7640cd8 .functor BUFZ 1, c4<z>; HiZ drive
v0x55f13c6f31d0_0 .net "ini_in", 0 0, o0x7f91f7640cd8;  0 drivers
o0x7f91f763f838 .functor BUFZ 1, c4<z>; HiZ drive
v0x55f13c6f3270_0 .net "ini_out", 0 0, o0x7f91f763f838;  0 drivers
v0x55f13c6f3310_0 .net "int_in", 0 0, v0x55f13c6cc800_0;  1 drivers
v0x55f13c6f3400_0 .net "intpc_bus", 7 0, L_0x55f13c71d810;  1 drivers
v0x55f13c6f34a0_0 .net "intpc_inc", 0 0, L_0x55f13c724690;  1 drivers
v0x55f13c6f3590_0 .net "intpc_read", 0 0, L_0x55f13c721600;  1 drivers
v0x55f13c6f3680_0 .net "intpc_write", 0 0, L_0x55f13c722a20;  1 drivers
v0x55f13c6f3770_0 .net "intr_bus", 7 0, L_0x55f13c71dd60;  1 drivers
v0x55f13c6f3810_0 .net "intr_read", 0 0, L_0x55f13c721ae0;  1 drivers
v0x55f13c6f3900_0 .net "intr_write", 0 0, L_0x55f13c723280;  1 drivers
o0x7f91f7640d38 .functor BUFZ 1, c4<z>; HiZ drive
v0x55f13c6f39f0_0 .net "irq_in", 0 0, o0x7f91f7640d38;  0 drivers
o0x7f91f763f988 .functor BUFZ 1, c4<z>; HiZ drive
v0x55f13c6f3a90_0 .net "irq_out", 0 0, o0x7f91f763f988;  0 drivers
o0x7f91f763f9b8 .functor BUFZ 1, c4<z>; HiZ drive
v0x55f13c6f3b30_0 .net "irqm_out", 0 0, o0x7f91f763f9b8;  0 drivers
v0x55f13c6f3c20_0 .net "mar_addr_byte0_out", 7 0, L_0x55f13c71ca60;  1 drivers
v0x55f13c6f3cc0_0 .net "mar_addr_byte1_out", 7 0, L_0x55f13c71cb20;  1 drivers
v0x55f13c6f3d60_0 .net "mar_addr_out", 15 0, L_0x55f13c71c9c0;  1 drivers
v0x55f13c6f3e00_0 .net "mar_addr_read", 0 0, L_0x55f13c713fb0;  1 drivers
v0x55f13c6f3ea0_0 .net "mar_output", 15 0, L_0x55f13c705c30;  1 drivers
v0x55f13c6f3f40_0 .net "mar_write", 0 0, L_0x55f13c723f50;  1 drivers
v0x55f13c6f4030_0 .net "mem_addr", 15 0, L_0x55f13c674870;  1 drivers
v0x55f13c6f40d0_0 .net "mem_read", 0 0, L_0x55f13c720af0;  1 drivers
v0x55f13c6f41c0_0 .net "mem_write", 0 0, L_0x55f13c7225e0;  1 drivers
v0x55f13c6f42b0_0 .net "memory_bus", 7 0, L_0x55f13c71bfc0;  1 drivers
v0x55f13c6f4350_0 .net "pc_bus", 7 0, L_0x55f13c71d130;  1 drivers
v0x55f13c6f43f0_0 .net "pc_inc", 0 0, L_0x55f13c724480;  1 drivers
v0x55f13c6f44e0_0 .net "pc_read", 0 0, L_0x55f13c721340;  1 drivers
v0x55f13c6f45d0_0 .net "pc_write", 0 0, L_0x55f13c7227d0;  1 drivers
o0x7f91f7640d98 .functor BUFZ 1, c4<z>; HiZ drive
v0x55f13c6f46c0_0 .net "pf_in", 0 0, o0x7f91f7640d98;  0 drivers
o0x7f91f763fc88 .functor BUFZ 1, c4<z>; HiZ drive
v0x55f13c6f4760_0 .net "pf_out", 0 0, o0x7f91f763fc88;  0 drivers
o0x7f91f763fcb8 .functor BUFZ 2, c4<zz>; HiZ drive
v0x55f13c6f4800_0 .net "pl", 1 0, o0x7f91f763fcb8;  0 drivers
v0x55f13c6f48f0_0 .net "psr_bus", 7 0, L_0x55f13c71d9a0;  1 drivers
v0x55f13c6f4990_0 .net "psr_flags_out", 3 0, L_0x55f13c71da90;  1 drivers
v0x55f13c6f4a30_0 .net "psr_flags_write", 0 0, L_0x55f13c7249a0;  1 drivers
v0x55f13c6f4b20_0 .net "psr_read", 0 0, L_0x55f13c721560;  1 drivers
v0x55f13c6f4c10_0 .net "psr_write", 0 0, L_0x55f13c722c80;  1 drivers
v0x55f13c6f4d00_0 .net "ptbr_addr_out", 15 0, L_0x55f13c71c7e0;  1 drivers
v0x55f13c6f4da0_0 .net "ptbr_addr_read", 0 0, L_0x55f13c726740;  1 drivers
v0x55f13c6f4e40_0 .net "ptbr_bus", 7 0, L_0x55f13c71c650;  1 drivers
v0x55f13c6f4ee0_0 .net "ptbr_output", 15 0, L_0x55f13c706750;  1 drivers
v0x55f13c6f4f80_0 .net "ptbr_read", 0 0, L_0x55f13c7218f0;  1 drivers
v0x55f13c6f5070_0 .net "ptbr_write", 0 0, L_0x55f13c723000;  1 drivers
v0x55f13c6f5160_0 .net "pter_addr_out", 15 0, L_0x55f13c71c920;  1 drivers
v0x55f13c6f5200_0 .net "pter_addr_read", 0 0, L_0x55f13c726480;  1 drivers
v0x55f13c6f52a0_0 .net "pter_output", 15 0, L_0x55f13c706d40;  1 drivers
v0x55f13c6f5340_0 .net "pter_write", 0 0, L_0x55f13c724190;  1 drivers
v0x55f13c6f5430_0 .net "registers_bus", 7 0, L_0x55f13c70f620;  1 drivers
o0x7f91f763fec8 .functor BUFZ 1, c4<z>; HiZ drive
v0x55f13c6f54d0_0 .net "svc_in", 0 0, o0x7f91f763fec8;  0 drivers
o0x7f91f763fe98 .functor BUFZ 1, c4<z>; HiZ drive
v0x55f13c6f55c0_0 .net "svc_out", 0 0, o0x7f91f763fe98;  0 drivers
L_0x55f13c705c30 .functor MUXZ 16, L_0x7f91f73b7018, L_0x55f13c71c9c0, L_0x55f13c713fb0, C4<>;
L_0x55f13c705f10 .part L_0x55f13c71c7e0, 0, 7;
L_0x55f13c705fb0 .concat [ 9 7 0 0], L_0x7f91f73b7060, L_0x55f13c705f10;
L_0x55f13c7060f0 .concat [ 8 8 0 0], L_0x55f13c71cb20, L_0x7f91f73b70a8;
L_0x55f13c706230 .part L_0x55f13c7060f0, 0, 15;
L_0x55f13c706320 .concat [ 1 15 0 0], L_0x7f91f73b70f0, L_0x55f13c706230;
L_0x55f13c706500 .concat [ 1 15 0 0], L_0x55f13c725020, L_0x7f91f73b7138;
L_0x55f13c706750 .functor MUXZ 16, L_0x7f91f73b7180, L_0x55f13c66e760, L_0x55f13c726740, C4<>;
L_0x55f13c706930 .part L_0x55f13c71c920, 0, 8;
L_0x55f13c706a20 .concat [ 8 8 0 0], L_0x7f91f73b71c8, L_0x55f13c706930;
L_0x55f13c706b60 .concat [ 8 8 0 0], L_0x55f13c71ca60, L_0x7f91f73b7210;
L_0x55f13c706d40 .functor MUXZ 16, L_0x7f91f73b7258, L_0x55f13c6b2570, L_0x55f13c726480, C4<>;
S_0x55f13c692660 .scope module, "alu" "ALU" 2 204, 3 7 0, S_0x55f13c682390;
 .timescale 0 0;
    .port_info 0 /INPUT 1 "clk";
    .port_info 1 /INPUT 2 "clk_phase";
    .port_info 2 /INPUT 8 "bus_in";
    .port_info 3 /OUTPUT 8 "bus_out";
    .port_info 4 /INPUT 4 "flags_in";
    .port_info 5 /OUTPUT 4 "flags_out";
    .port_info 6 /INPUT 1 "read_en";
    .port_info 7 /INPUT 1 "write_en";
    .port_info 8 /INPUT 1 "write_en_2";
    .port_info 9 /INPUT 4 "opcode";
P_0x55f13c616c70 .param/l "OP_ADD" 1 3 24, +C4<00000000000000000000000000000000>;
P_0x55f13c616cb0 .param/l "OP_ADDC" 1 3 25, +C4<00000000000000000000000000000001>;
P_0x55f13c616cf0 .param/l "OP_AND" 1 3 28, +C4<00000000000000000000000000000100>;
P_0x55f13c616d30 .param/l "OP_ASR" 1 3 33, +C4<00000000000000000000000000001001>;
P_0x55f13c616d70 .param/l "OP_CSL" 1 3 34, +C4<00000000000000000000000000001010>;
P_0x55f13c616db0 .param/l "OP_CSR" 1 3 35, +C4<00000000000000000000000000001011>;
P_0x55f13c616df0 .param/l "OP_EOR" 1 3 30, +C4<00000000000000000000000000000110>;
P_0x55f13c616e30 .param/l "OP_LSL" 1 3 31, +C4<00000000000000000000000000000111>;
P_0x55f13c616e70 .param/l "OP_LSR" 1 3 32, +C4<00000000000000000000000000001000>;
P_0x55f13c616eb0 .param/l "OP_OR" 1 3 29, +C4<00000000000000000000000000000101>;
P_0x55f13c616ef0 .param/l "OP_SUB" 1 3 26, +C4<00000000000000000000000000000010>;
P_0x55f13c616f30 .param/l "OP_SUBC" 1 3 27, +C4<00000000000000000000000000000011>;
L_0x55f13c70fb10 .functor NOT 9, L_0x55f13c70fd60, C4<000000000>, C4<000000000>, C4<000000000>;
L_0x55f13c70ff90 .functor NOT 9, L_0x55f13c710970, C4<000000000>, C4<000000000>, C4<000000000>;
L_0x55f13c710ab0 .functor AND 8, v0x55f13c6beeb0_0, v0x55f13c6bef90_0, C4<11111111>, C4<11111111>;
L_0x55f13c710de0 .functor OR 8, v0x55f13c6beeb0_0, v0x55f13c6bef90_0, C4<00000000>, C4<00000000>;
L_0x55f13c711160 .functor XOR 8, v0x55f13c6beeb0_0, v0x55f13c6bef90_0, C4<00000000>, C4<00000000>;
L_0x55f13c716050 .functor NOT 1, L_0x55f13c716550, C4<0>, C4<0>, C4<0>;
L_0x55f13c7163b0 .functor NOT 1, L_0x55f13c716310, C4<0>, C4<0>, C4<0>;
L_0x55f13c718a20 .functor XNOR 1, L_0x55f13c7188e0, L_0x55f13c718980, C4<0>, C4<0>;
L_0x55f13c718e10 .functor XOR 1, L_0x55f13c7191d0, L_0x55f13c719270, C4<0>, C4<0>;
L_0x55f13c718ed0 .functor AND 1, L_0x55f13c718a20, L_0x55f13c718e10, C4<1>, C4<1>;
L_0x55f13c719120 .functor XOR 1, L_0x55f13c718fe0, L_0x55f13c719080, C4<0>, C4<0>;
L_0x55f13c719310 .functor XOR 1, L_0x55f13c719790, L_0x55f13c719830, C4<0>, C4<0>;
L_0x55f13c719440 .functor AND 1, L_0x55f13c719120, L_0x55f13c719310, C4<1>, C4<1>;
L_0x55f13c719cd0 .functor XNOR 1, L_0x55f13c719550, L_0x55f13c7195f0, C4<0>, C4<0>;
L_0x55f13c7193d0 .functor XOR 1, L_0x55f13c719dc0, L_0x55f13c719ef0, C4<0>, C4<0>;
L_0x55f13c719920 .functor AND 1, L_0x55f13c719cd0, L_0x55f13c7193d0, C4<1>, C4<1>;
L_0x55f13c719c00 .functor XOR 1, L_0x55f13c719ac0, L_0x55f13c719b60, C4<0>, C4<0>;
L_0x55f13c719f90 .functor XOR 1, L_0x55f13c71a3b0, L_0x55f13c71a4e0, C4<0>, C4<0>;
L_0x55f13c71a0f0 .functor AND 1, L_0x55f13c719c00, L_0x55f13c719f90, C4<1>, C4<1>;
v0x55f13c664070_0 .net *"_ivl_0", 8 0, L_0x55f13c70f890;  1 drivers
v0x55f13c662950_0 .net *"_ivl_10", 8 0, L_0x55f13c70fc20;  1 drivers
v0x55f13c670520_0 .net *"_ivl_101", 6 0, L_0x55f13c711c70;  1 drivers
v0x55f13c66a390_0 .net *"_ivl_104", 31 0, L_0x55f13c711e20;  1 drivers
L_0x7f91f73b8d10 .functor BUFT 1, C4<0000000000000000000000000000>, C4<0>, C4<0>, C4<0>;
v0x55f13c65e0d0_0 .net *"_ivl_107", 27 0, L_0x7f91f73b8d10;  1 drivers
L_0x7f91f73b8d58 .functor BUFT 1, C4<00000000000000000000000000000000>, C4<0>, C4<0>, C4<0>;
v0x55f13c665f10_0 .net/2u *"_ivl_108", 31 0, L_0x7f91f73b8d58;  1 drivers
v0x55f13c673510_0 .net *"_ivl_110", 0 0, L_0x55f13c711d60;  1 drivers
v0x55f13c673c00_0 .net *"_ivl_112", 31 0, L_0x55f13c712080;  1 drivers
L_0x7f91f73b8da0 .functor BUFT 1, C4<0000000000000000000000000000>, C4<0>, C4<0>, C4<0>;
v0x55f13c6742c0_0 .net *"_ivl_115", 27 0, L_0x7f91f73b8da0;  1 drivers
L_0x7f91f73b8de8 .functor BUFT 1, C4<00000000000000000000000000000001>, C4<0>, C4<0>, C4<0>;
v0x55f13c674980_0 .net/2u *"_ivl_116", 31 0, L_0x7f91f73b8de8;  1 drivers
v0x55f13c675120_0 .net *"_ivl_118", 0 0, L_0x55f13c711ec0;  1 drivers
v0x55f13c66e870_0 .net *"_ivl_120", 31 0, L_0x55f13c7122a0;  1 drivers
L_0x7f91f73b8e30 .functor BUFT 1, C4<0000000000000000000000000000>, C4<0>, C4<0>, C4<0>;
v0x55f13c6b2680_0 .net *"_ivl_123", 27 0, L_0x7f91f73b8e30;  1 drivers
L_0x7f91f73b8e78 .functor BUFT 1, C4<00000000000000000000000000000010>, C4<0>, C4<0>, C4<0>;
v0x55f13c6ab2a0_0 .net/2u *"_ivl_124", 31 0, L_0x7f91f73b8e78;  1 drivers
v0x55f13c6ae6e0_0 .net *"_ivl_126", 0 0, L_0x55f13c712170;  1 drivers
v0x55f13c5d1600_0 .net *"_ivl_128", 31 0, L_0x55f13c712520;  1 drivers
L_0x7f91f73b89b0 .functor BUFT 1, C4<0>, C4<0>, C4<0>, C4<0>;
v0x55f13c5747c0_0 .net *"_ivl_13", 0 0, L_0x7f91f73b89b0;  1 drivers
L_0x7f91f73b8ec0 .functor BUFT 1, C4<0000000000000000000000000000>, C4<0>, C4<0>, C4<0>;
v0x55f13c5748a0_0 .net *"_ivl_131", 27 0, L_0x7f91f73b8ec0;  1 drivers
L_0x7f91f73b8f08 .functor BUFT 1, C4<00000000000000000000000000000011>, C4<0>, C4<0>, C4<0>;
v0x55f13c574980_0 .net/2u *"_ivl_132", 31 0, L_0x7f91f73b8f08;  1 drivers
v0x55f13c574a60_0 .net *"_ivl_134", 0 0, L_0x55f13c712390;  1 drivers
v0x55f13c574b20_0 .net *"_ivl_136", 31 0, L_0x55f13c712760;  1 drivers
L_0x7f91f73b8f50 .functor BUFT 1, C4<0000000000000000000000000000>, C4<0>, C4<0>, C4<0>;
v0x55f13c57bcc0_0 .net *"_ivl_139", 27 0, L_0x7f91f73b8f50;  1 drivers
v0x55f13c57bda0_0 .net *"_ivl_14", 8 0, L_0x55f13c70fd60;  1 drivers
L_0x7f91f73b8f98 .functor BUFT 1, C4<00000000000000000000000000000100>, C4<0>, C4<0>, C4<0>;
v0x55f13c57be80_0 .net/2u *"_ivl_140", 31 0, L_0x7f91f73b8f98;  1 drivers
v0x55f13c57bf60_0 .net *"_ivl_142", 0 0, L_0x55f13c712610;  1 drivers
v0x55f13c57c020_0 .net *"_ivl_144", 8 0, L_0x55f13c7129b0;  1 drivers
L_0x7f91f73b8fe0 .functor BUFT 1, C4<0>, C4<0>, C4<0>, C4<0>;
v0x55f13c580710_0 .net *"_ivl_147", 0 0, L_0x7f91f73b8fe0;  1 drivers
v0x55f13c5807f0_0 .net *"_ivl_148", 31 0, L_0x55f13c712850;  1 drivers
L_0x7f91f73b9028 .functor BUFT 1, C4<0000000000000000000000000000>, C4<0>, C4<0>, C4<0>;
v0x55f13c5808d0_0 .net *"_ivl_151", 27 0, L_0x7f91f73b9028;  1 drivers
L_0x7f91f73b9070 .functor BUFT 1, C4<00000000000000000000000000000101>, C4<0>, C4<0>, C4<0>;
v0x55f13c5809b0_0 .net/2u *"_ivl_152", 31 0, L_0x7f91f73b9070;  1 drivers
v0x55f13c580a90_0 .net *"_ivl_154", 0 0, L_0x55f13c712c10;  1 drivers
v0x55f13c5849a0_0 .net *"_ivl_156", 8 0, L_0x55f13c712aa0;  1 drivers
L_0x7f91f73b90b8 .functor BUFT 1, C4<0>, C4<0>, C4<0>, C4<0>;
v0x55f13c584a80_0 .net *"_ivl_159", 0 0, L_0x7f91f73b90b8;  1 drivers
v0x55f13c584d70_0 .net *"_ivl_160", 31 0, L_0x55f13c712ed0;  1 drivers
L_0x7f91f73b9100 .functor BUFT 1, C4<0000000000000000000000000000>, C4<0>, C4<0>, C4<0>;
v0x55f13c589590_0 .net *"_ivl_163", 27 0, L_0x7f91f73b9100;  1 drivers
L_0x7f91f73b9148 .functor BUFT 1, C4<00000000000000000000000000000110>, C4<0>, C4<0>, C4<0>;
v0x55f13c589650_0 .net/2u *"_ivl_164", 31 0, L_0x7f91f73b9148;  1 drivers
v0x55f13c589730_0 .net *"_ivl_166", 0 0, L_0x55f13c712da0;  1 drivers
v0x55f13c5897f0_0 .net *"_ivl_168", 8 0, L_0x55f13c713150;  1 drivers
L_0x7f91f73b89f8 .functor BUFT 1, C4<0>, C4<0>, C4<0>, C4<0>;
v0x55f13c5898d0_0 .net *"_ivl_17", 0 0, L_0x7f91f73b89f8;  1 drivers
L_0x7f91f73b9190 .functor BUFT 1, C4<0>, C4<0>, C4<0>, C4<0>;
v0x55f13c5899b0_0 .net *"_ivl_171", 0 0, L_0x7f91f73b9190;  1 drivers
v0x55f13c58e0f0_0 .net *"_ivl_172", 31 0, L_0x55f13c712fc0;  1 drivers
L_0x7f91f73b91d8 .functor BUFT 1, C4<0000000000000000000000000000>, C4<0>, C4<0>, C4<0>;
v0x55f13c58e1d0_0 .net *"_ivl_175", 27 0, L_0x7f91f73b91d8;  1 drivers
L_0x7f91f73b9220 .functor BUFT 1, C4<00000000000000000000000000000111>, C4<0>, C4<0>, C4<0>;
v0x55f13c58e2b0_0 .net/2u *"_ivl_176", 31 0, L_0x7f91f73b9220;  1 drivers
v0x55f13c58e390_0 .net *"_ivl_178", 0 0, L_0x55f13c7133e0;  1 drivers
v0x55f13c58e450_0 .net *"_ivl_18", 8 0, L_0x55f13c70fb10;  1 drivers
v0x55f13c592b80_0 .net *"_ivl_180", 8 0, L_0x55f13c713240;  1 drivers
L_0x7f91f73b9268 .functor BUFT 1, C4<0>, C4<0>, C4<0>, C4<0>;
v0x55f13c592c60_0 .net *"_ivl_183", 0 0, L_0x7f91f73b9268;  1 drivers
v0x55f13c592d40_0 .net *"_ivl_184", 31 0, L_0x55f13c713680;  1 drivers
L_0x7f91f73b92b0 .functor BUFT 1, C4<0000000000000000000000000000>, C4<0>, C4<0>, C4<0>;
v0x55f13c592e20_0 .net *"_ivl_187", 27 0, L_0x7f91f73b92b0;  1 drivers
L_0x7f91f73b92f8 .functor BUFT 1, C4<00000000000000000000000000001000>, C4<0>, C4<0>, C4<0>;
v0x55f13c592f00_0 .net/2u *"_ivl_188", 31 0, L_0x7f91f73b92f8;  1 drivers
v0x55f13c596ac0_0 .net *"_ivl_190", 0 0, L_0x55f13c7134d0;  1 drivers
v0x55f13c596b80_0 .net *"_ivl_192", 8 0, L_0x55f13c7138e0;  1 drivers
L_0x7f91f73b9340 .functor BUFT 1, C4<0>, C4<0>, C4<0>, C4<0>;
v0x55f13c596c60_0 .net *"_ivl_195", 0 0, L_0x7f91f73b9340;  1 drivers
v0x55f13c596d40_0 .net *"_ivl_196", 31 0, L_0x55f13c713770;  1 drivers
L_0x7f91f73b9388 .functor BUFT 1, C4<0000000000000000000000000000>, C4<0>, C4<0>, C4<0>;
v0x55f13c596e20_0 .net *"_ivl_199", 27 0, L_0x7f91f73b9388;  1 drivers
L_0x7f91f73b8a40 .functor BUFT 1, C4<000000001>, C4<0>, C4<0>, C4<0>;
v0x55f13c50b660_0 .net/2u *"_ivl_20", 8 0, L_0x7f91f73b8a40;  1 drivers
L_0x7f91f73b93d0 .functor BUFT 1, C4<00000000000000000000000000001001>, C4<0>, C4<0>, C4<0>;
v0x55f13c50b740_0 .net/2u *"_ivl_200", 31 0, L_0x7f91f73b93d0;  1 drivers
v0x55f13c50b820_0 .net *"_ivl_202", 0 0, L_0x55f13c713ba0;  1 drivers
v0x55f13c50b8e0_0 .net *"_ivl_204", 8 0, L_0x55f13c7139d0;  1 drivers
L_0x7f91f73b9418 .functor BUFT 1, C4<0>, C4<0>, C4<0>, C4<0>;
v0x55f13c50b9c0_0 .net *"_ivl_207", 0 0, L_0x7f91f73b9418;  1 drivers
v0x55f13c6b4a70_0 .net *"_ivl_208", 31 0, L_0x55f13c714680;  1 drivers
L_0x7f91f73b9460 .functor BUFT 1, C4<0000000000000000000000000000>, C4<0>, C4<0>, C4<0>;
v0x55f13c6b4b10_0 .net *"_ivl_211", 27 0, L_0x7f91f73b9460;  1 drivers
L_0x7f91f73b94a8 .functor BUFT 1, C4<00000000000000000000000000001010>, C4<0>, C4<0>, C4<0>;
v0x55f13c6b4bb0_0 .net/2u *"_ivl_212", 31 0, L_0x7f91f73b94a8;  1 drivers
v0x55f13c6b4c50_0 .net *"_ivl_214", 0 0, L_0x55f13c713c90;  1 drivers
v0x55f13c6b4cf0_0 .net *"_ivl_216", 8 0, L_0x55f13c713dd0;  1 drivers
L_0x7f91f73b94f0 .functor BUFT 1, C4<0>, C4<0>, C4<0>, C4<0>;
v0x55f13c6b51a0_0 .net *"_ivl_219", 0 0, L_0x7f91f73b94f0;  1 drivers
v0x55f13c6b5240_0 .net *"_ivl_22", 8 0, L_0x55f13c70fef0;  1 drivers
v0x55f13c6b52e0_0 .net *"_ivl_220", 31 0, L_0x55f13c714770;  1 drivers
L_0x7f91f73b9538 .functor BUFT 1, C4<0000000000000000000000000000>, C4<0>, C4<0>, C4<0>;
v0x55f13c6b5380_0 .net *"_ivl_223", 27 0, L_0x7f91f73b9538;  1 drivers
L_0x7f91f73b9580 .functor BUFT 1, C4<00000000000000000000000000001011>, C4<0>, C4<0>, C4<0>;
v0x55f13c6b5420_0 .net/2u *"_ivl_224", 31 0, L_0x7f91f73b9580;  1 drivers
v0x55f13c6b54c0_0 .net *"_ivl_226", 0 0, L_0x55f13c714860;  1 drivers
v0x55f13c6b5560_0 .net *"_ivl_228", 8 0, L_0x55f13c714960;  1 drivers
L_0x7f91f73b95c8 .functor BUFT 1, C4<0>, C4<0>, C4<0>, C4<0>;
v0x55f13c6b5600_0 .net *"_ivl_231", 0 0, L_0x7f91f73b95c8;  1 drivers
L_0x7f91f73b9610 .functor BUFT 1, C4<000000000>, C4<0>, C4<0>, C4<0>;
v0x55f13c6b56a0_0 .net/2u *"_ivl_232", 8 0, L_0x7f91f73b9610;  1 drivers
v0x55f13c6b5740_0 .net *"_ivl_234", 8 0, L_0x55f13c714aa0;  1 drivers
v0x55f13c6b5800_0 .net *"_ivl_236", 8 0, L_0x55f13c714f10;  1 drivers
v0x55f13c6b58e0_0 .net *"_ivl_238", 8 0, L_0x55f13c7150a0;  1 drivers
v0x55f13c6b59c0_0 .net *"_ivl_240", 8 0, L_0x55f13c714cf0;  1 drivers
v0x55f13c6b5aa0_0 .net *"_ivl_242", 8 0, L_0x55f13c715410;  1 drivers
v0x55f13c6b5b80_0 .net *"_ivl_244", 8 0, L_0x55f13c715230;  1 drivers
v0x55f13c6b5c60_0 .net *"_ivl_246", 8 0, L_0x55f13c715740;  1 drivers
v0x55f13c6b5d40_0 .net *"_ivl_248", 8 0, L_0x55f13c7155a0;  1 drivers
v0x55f13c6b5e20_0 .net *"_ivl_250", 8 0, L_0x55f13c715a80;  1 drivers
v0x55f13c6b5f00_0 .net *"_ivl_252", 8 0, L_0x55f13c7158d0;  1 drivers
v0x55f13c6b5fe0_0 .net *"_ivl_254", 8 0, L_0x55f13c715dd0;  1 drivers
v0x55f13c6b60c0_0 .net *"_ivl_256", 8 0, L_0x55f13c715c10;  1 drivers
v0x55f13c6b61a0_0 .net *"_ivl_26", 8 0, L_0x55f13c7101e0;  1 drivers
L_0x7f91f73b9658 .functor BUFT 1, C4<00000000>, C4<0>, C4<0>, C4<0>;
v0x55f13c6b6280_0 .net/2u *"_ivl_260", 7 0, L_0x7f91f73b9658;  1 drivers
v0x55f13c6b6360_0 .net *"_ivl_269", 0 0, L_0x55f13c716550;  1 drivers
v0x55f13c6b6440_0 .net *"_ivl_275", 0 0, L_0x55f13c716310;  1 drivers
v0x55f13c6b6520_0 .net *"_ivl_288", 31 0, L_0x55f13c7167d0;  1 drivers
L_0x7f91f73b8a88 .functor BUFT 1, C4<0>, C4<0>, C4<0>, C4<0>;
v0x55f13c6b6600_0 .net *"_ivl_29", 0 0, L_0x7f91f73b8a88;  1 drivers
L_0x7f91f73b96a0 .functor BUFT 1, C4<0000000000000000000000000000>, C4<0>, C4<0>, C4<0>;
v0x55f13c6b66e0_0 .net *"_ivl_291", 27 0, L_0x7f91f73b96a0;  1 drivers
L_0x7f91f73b96e8 .functor BUFT 1, C4<00000000000000000000000000000000>, C4<0>, C4<0>, C4<0>;
v0x55f13c6b67c0_0 .net/2u *"_ivl_292", 31 0, L_0x7f91f73b96e8;  1 drivers
v0x55f13c6b68a0_0 .net *"_ivl_294", 0 0, L_0x55f13c716d10;  1 drivers
v0x55f13c6b6960_0 .net *"_ivl_296", 31 0, L_0x55f13c716e50;  1 drivers
L_0x7f91f73b9730 .functor BUFT 1, C4<0000000000000000000000000000>, C4<0>, C4<0>, C4<0>;
v0x55f13c6b6a40_0 .net *"_ivl_299", 27 0, L_0x7f91f73b9730;  1 drivers
L_0x7f91f73b8920 .functor BUFT 1, C4<0>, C4<0>, C4<0>, C4<0>;
v0x55f13c6b6b20_0 .net *"_ivl_3", 0 0, L_0x7f91f73b8920;  1 drivers
v0x55f13c6b6c00_0 .net *"_ivl_30", 8 0, L_0x55f13c710320;  1 drivers
L_0x7f91f73b9778 .functor BUFT 1, C4<00000000000000000000000000000001>, C4<0>, C4<0>, C4<0>;
v0x55f13c6b6ce0_0 .net/2u *"_ivl_300", 31 0, L_0x7f91f73b9778;  1 drivers
v0x55f13c6b6dc0_0 .net *"_ivl_302", 0 0, L_0x55f13c716a30;  1 drivers
v0x55f13c6b6e80_0 .net *"_ivl_304", 31 0, L_0x55f13c716b70;  1 drivers
L_0x7f91f73b97c0 .functor BUFT 1, C4<0000000000000000000000000000>, C4<0>, C4<0>, C4<0>;
v0x55f13c6b6f60_0 .net *"_ivl_307", 27 0, L_0x7f91f73b97c0;  1 drivers
L_0x7f91f73b9808 .functor BUFT 1, C4<00000000000000000000000000000010>, C4<0>, C4<0>, C4<0>;
v0x55f13c6b7040_0 .net/2u *"_ivl_308", 31 0, L_0x7f91f73b9808;  1 drivers
v0x55f13c6b7120_0 .net *"_ivl_310", 0 0, L_0x55f13c7171f0;  1 drivers
v0x55f13c6b71e0_0 .net *"_ivl_312", 31 0, L_0x55f13c7172e0;  1 drivers
L_0x7f91f73b9850 .functor BUFT 1, C4<0000000000000000000000000000>, C4<0>, C4<0>, C4<0>;
v0x55f13c6b72c0_0 .net *"_ivl_315", 27 0, L_0x7f91f73b9850;  1 drivers
L_0x7f91f73b9898 .functor BUFT 1, C4<00000000000000000000000000000011>, C4<0>, C4<0>, C4<0>;
v0x55f13c6b73a0_0 .net/2u *"_ivl_316", 31 0, L_0x7f91f73b9898;  1 drivers
v0x55f13c6b7480_0 .net *"_ivl_318", 0 0, L_0x55f13c716f40;  1 drivers
v0x55f13c6b7540_0 .net *"_ivl_320", 31 0, L_0x55f13c717080;  1 drivers
L_0x7f91f73b98e0 .functor BUFT 1, C4<0000000000000000000000000000>, C4<0>, C4<0>, C4<0>;
v0x55f13c6b7620_0 .net *"_ivl_323", 27 0, L_0x7f91f73b98e0;  1 drivers
L_0x7f91f73b9928 .functor BUFT 1, C4<00000000000000000000000000000111>, C4<0>, C4<0>, C4<0>;
v0x55f13c6b7700_0 .net/2u *"_ivl_324", 31 0, L_0x7f91f73b9928;  1 drivers
v0x55f13c6b77e0_0 .net *"_ivl_326", 0 0, L_0x55f13c7176a0;  1 drivers
v0x55f13c6b78a0_0 .net *"_ivl_328", 31 0, L_0x55f13c717790;  1 drivers
L_0x7f91f73b8ad0 .functor BUFT 1, C4<0>, C4<0>, C4<0>, C4<0>;
v0x55f13c6b7980_0 .net *"_ivl_33", 0 0, L_0x7f91f73b8ad0;  1 drivers
L_0x7f91f73b9970 .functor BUFT 1, C4<0000000000000000000000000000>, C4<0>, C4<0>, C4<0>;
v0x55f13c6b7a60_0 .net *"_ivl_331", 27 0, L_0x7f91f73b9970;  1 drivers
L_0x7f91f73b99b8 .functor BUFT 1, C4<00000000000000000000000000001000>, C4<0>, C4<0>, C4<0>;
v0x55f13c6b7b40_0 .net/2u *"_ivl_332", 31 0, L_0x7f91f73b99b8;  1 drivers
v0x55f13c6b7c20_0 .net *"_ivl_334", 0 0, L_0x55f13c7173d0;  1 drivers
v0x55f13c6b7ce0_0 .net *"_ivl_336", 31 0, L_0x55f13c717510;  1 drivers
L_0x7f91f73b9a00 .functor BUFT 1, C4<0000000000000000000000000000>, C4<0>, C4<0>, C4<0>;
v0x55f13c6b7dc0_0 .net *"_ivl_339", 27 0, L_0x7f91f73b9a00;  1 drivers
v0x55f13c6b7ea0_0 .net *"_ivl_34", 8 0, L_0x55f13c710410;  1 drivers
L_0x7f91f73b9a48 .functor BUFT 1, C4<00000000000000000000000000001001>, C4<0>, C4<0>, C4<0>;
v0x55f13c6b7f80_0 .net/2u *"_ivl_340", 31 0, L_0x7f91f73b9a48;  1 drivers
v0x55f13c6b8060_0 .net *"_ivl_342", 0 0, L_0x55f13c717600;  1 drivers
v0x55f13c6b8120_0 .net *"_ivl_344", 31 0, L_0x55f13c717c10;  1 drivers
L_0x7f91f73b9a90 .functor BUFT 1, C4<0000000000000000000000000000>, C4<0>, C4<0>, C4<0>;
v0x55f13c6b8200_0 .net *"_ivl_347", 27 0, L_0x7f91f73b9a90;  1 drivers
L_0x7f91f73b9ad8 .functor BUFT 1, C4<00000000000000000000000000001010>, C4<0>, C4<0>, C4<0>;
v0x55f13c6b82e0_0 .net/2u *"_ivl_348", 31 0, L_0x7f91f73b9ad8;  1 drivers
v0x55f13c6b83c0_0 .net *"_ivl_350", 0 0, L_0x55f13c717880;  1 drivers
v0x55f13c6b8480_0 .net *"_ivl_352", 31 0, L_0x55f13c7179c0;  1 drivers
L_0x7f91f73b9b20 .functor BUFT 1, C4<0000000000000000000000000000>, C4<0>, C4<0>, C4<0>;
v0x55f13c6b8560_0 .net *"_ivl_355", 27 0, L_0x7f91f73b9b20;  1 drivers
L_0x7f91f73b9b68 .functor BUFT 1, C4<00000000000000000000000000001011>, C4<0>, C4<0>, C4<0>;
v0x55f13c6b8e50_0 .net/2u *"_ivl_356", 31 0, L_0x7f91f73b9b68;  1 drivers
v0x55f13c6b8f30_0 .net *"_ivl_358", 0 0, L_0x55f13c717ab0;  1 drivers
L_0x7f91f73b9bb0 .functor BUFT 1, C4<0>, C4<0>, C4<0>, C4<0>;
v0x55f13c6b8ff0_0 .net/2u *"_ivl_360", 0 0, L_0x7f91f73b9bb0;  1 drivers
v0x55f13c6b90d0_0 .net *"_ivl_362", 0 0, L_0x55f13c7180b0;  1 drivers
v0x55f13c6b91b0_0 .net *"_ivl_364", 0 0, L_0x55f13c717da0;  1 drivers
v0x55f13c6b9290_0 .net *"_ivl_366", 0 0, L_0x55f13c717f30;  1 drivers
v0x55f13c6b9370_0 .net *"_ivl_368", 0 0, L_0x55f13c7185c0;  1 drivers
v0x55f13c6b9450_0 .net *"_ivl_37", 0 0, L_0x55f13c7105b0;  1 drivers
v0x55f13c6b9530_0 .net *"_ivl_370", 0 0, L_0x55f13c718750;  1 drivers
v0x55f13c6b9610_0 .net *"_ivl_372", 0 0, L_0x55f13c718240;  1 drivers
v0x55f13c6b96f0_0 .net *"_ivl_374", 0 0, L_0x55f13c7183d0;  1 drivers
v0x55f13c6b97d0_0 .net *"_ivl_376", 0 0, L_0x55f13c718c30;  1 drivers
v0x55f13c6b98b0_0 .net *"_ivl_38", 8 0, L_0x55f13c710650;  1 drivers
v0x55f13c6b9990_0 .net *"_ivl_381", 0 0, L_0x55f13c7188e0;  1 drivers
v0x55f13c6b9a70_0 .net *"_ivl_383", 0 0, L_0x55f13c718980;  1 drivers
v0x55f13c6b9b50_0 .net *"_ivl_384", 0 0, L_0x55f13c718a20;  1 drivers
v0x55f13c6b9c10_0 .net *"_ivl_387", 0 0, L_0x55f13c7191d0;  1 drivers
v0x55f13c6b9cf0_0 .net *"_ivl_389", 0 0, L_0x55f13c719270;  1 drivers
v0x55f13c6b9dd0_0 .net *"_ivl_390", 0 0, L_0x55f13c718e10;  1 drivers
v0x55f13c6b9e90_0 .net *"_ivl_395", 0 0, L_0x55f13c718fe0;  1 drivers
v0x55f13c6b9f70_0 .net *"_ivl_397", 0 0, L_0x55f13c719080;  1 drivers
v0x55f13c6ba050_0 .net *"_ivl_398", 0 0, L_0x55f13c719120;  1 drivers
v0x55f13c6ba110_0 .net *"_ivl_4", 8 0, L_0x55f13c70f980;  1 drivers
v0x55f13c6ba1f0_0 .net *"_ivl_401", 0 0, L_0x55f13c719790;  1 drivers
v0x55f13c6ba2d0_0 .net *"_ivl_403", 0 0, L_0x55f13c719830;  1 drivers
v0x55f13c6ba3b0_0 .net *"_ivl_404", 0 0, L_0x55f13c719310;  1 drivers
v0x55f13c6ba470_0 .net *"_ivl_409", 0 0, L_0x55f13c719550;  1 drivers
L_0x7f91f73b8b18 .functor BUFT 1, C4<00000000>, C4<0>, C4<0>, C4<0>;
v0x55f13c6ba550_0 .net *"_ivl_41", 7 0, L_0x7f91f73b8b18;  1 drivers
v0x55f13c6ba630_0 .net *"_ivl_411", 0 0, L_0x55f13c7195f0;  1 drivers
v0x55f13c6ba710_0 .net *"_ivl_412", 0 0, L_0x55f13c719cd0;  1 drivers
v0x55f13c6ba7d0_0 .net *"_ivl_415", 0 0, L_0x55f13c719dc0;  1 drivers
v0x55f13c6ba8b0_0 .net *"_ivl_417", 0 0, L_0x55f13c719ef0;  1 drivers
v0x55f13c6ba990_0 .net *"_ivl_418", 0 0, L_0x55f13c7193d0;  1 drivers
v0x55f13c6baa50_0 .net *"_ivl_423", 0 0, L_0x55f13c719ac0;  1 drivers
v0x55f13c6bab30_0 .net *"_ivl_425", 0 0, L_0x55f13c719b60;  1 drivers
v0x55f13c6bac10_0 .net *"_ivl_426", 0 0, L_0x55f13c719c00;  1 drivers
v0x55f13c6bacd0_0 .net *"_ivl_429", 0 0, L_0x55f13c71a3b0;  1 drivers
v0x55f13c6badb0_0 .net *"_ivl_431", 0 0, L_0x55f13c71a4e0;  1 drivers
v0x55f13c6bae90_0 .net *"_ivl_432", 0 0, L_0x55f13c719f90;  1 drivers
v0x55f13c6baf50_0 .net *"_ivl_436", 31 0, L_0x55f13c71a200;  1 drivers
L_0x7f91f73b9bf8 .functor BUFT 1, C4<0000000000000000000000000000>, C4<0>, C4<0>, C4<0>;
v0x55f13c6bb030_0 .net *"_ivl_439", 27 0, L_0x7f91f73b9bf8;  1 drivers
v0x55f13c6bb110_0 .net *"_ivl_44", 8 0, L_0x55f13c710850;  1 drivers
L_0x7f91f73b9c40 .functor BUFT 1, C4<00000000000000000000000000000000>, C4<0>, C4<0>, C4<0>;
v0x55f13c6bb1f0_0 .net/2u *"_ivl_440", 31 0, L_0x7f91f73b9c40;  1 drivers
v0x55f13c6bb2d0_0 .net *"_ivl_442", 0 0, L_0x55f13c71a2f0;  1 drivers
v0x55f13c6bb390_0 .net *"_ivl_444", 31 0, L_0x55f13c71a580;  1 drivers
L_0x7f91f73b9c88 .functor BUFT 1, C4<0000000000000000000000000000>, C4<0>, C4<0>, C4<0>;
v0x55f13c6bb470_0 .net *"_ivl_447", 27 0, L_0x7f91f73b9c88;  1 drivers
L_0x7f91f73b9cd0 .functor BUFT 1, C4<00000000000000000000000000000001>, C4<0>, C4<0>, C4<0>;
v0x55f13c6bb550_0 .net/2u *"_ivl_448", 31 0, L_0x7f91f73b9cd0;  1 drivers
v0x55f13c6bb630_0 .net *"_ivl_450", 0 0, L_0x55f13c71a670;  1 drivers
v0x55f13c6bb6f0_0 .net *"_ivl_452", 31 0, L_0x55f13c71a7b0;  1 drivers
L_0x7f91f73b9d18 .functor BUFT 1, C4<0000000000000000000000000000>, C4<0>, C4<0>, C4<0>;
v0x55f13c6bb7d0_0 .net *"_ivl_455", 27 0, L_0x7f91f73b9d18;  1 drivers
L_0x7f91f73b9d60 .functor BUFT 1, C4<00000000000000000000000000000010>, C4<0>, C4<0>, C4<0>;
v0x55f13c6bb8b0_0 .net/2u *"_ivl_456", 31 0, L_0x7f91f73b9d60;  1 drivers
v0x55f13c6bb990_0 .net *"_ivl_458", 0 0, L_0x55f13c71a8a0;  1 drivers
v0x55f13c6bba50_0 .net *"_ivl_460", 31 0, L_0x55f13c71aa00;  1 drivers
L_0x7f91f73b9da8 .functor BUFT 1, C4<0000000000000000000000000000>, C4<0>, C4<0>, C4<0>;
v0x55f13c6bbb30_0 .net *"_ivl_463", 27 0, L_0x7f91f73b9da8;  1 drivers
L_0x7f91f73b9df0 .functor BUFT 1, C4<00000000000000000000000000000011>, C4<0>, C4<0>, C4<0>;
v0x55f13c6bbc10_0 .net/2u *"_ivl_464", 31 0, L_0x7f91f73b9df0;  1 drivers
v0x55f13c6bbcf0_0 .net *"_ivl_466", 0 0, L_0x55f13c71aaf0;  1 drivers
L_0x7f91f73b9e38 .functor BUFT 1, C4<0>, C4<0>, C4<0>, C4<0>;
v0x55f13c6bbdb0_0 .net/2u *"_ivl_468", 0 0, L_0x7f91f73b9e38;  1 drivers
L_0x7f91f73b8b60 .functor BUFT 1, C4<0>, C4<0>, C4<0>, C4<0>;
v0x55f13c6bbe90_0 .net *"_ivl_47", 0 0, L_0x7f91f73b8b60;  1 drivers
v0x55f13c6bbf70_0 .net *"_ivl_470", 0 0, L_0x55f13c71ac30;  1 drivers
v0x55f13c6bc050_0 .net *"_ivl_472", 0 0, L_0x55f13c71b310;  1 drivers
v0x55f13c6bc130_0 .net *"_ivl_474", 0 0, L_0x55f13c71af40;  1 drivers
v0x55f13c6bc210_0 .net *"_ivl_478", 31 0, L_0x55f13c71b260;  1 drivers
v0x55f13c6bc2f0_0 .net *"_ivl_48", 8 0, L_0x55f13c710970;  1 drivers
L_0x7f91f73b9e80 .functor BUFT 1, C4<0000000000000000000000000000000>, C4<0>, C4<0>, C4<0>;
v0x55f13c6bc3d0_0 .net *"_ivl_481", 30 0, L_0x7f91f73b9e80;  1 drivers
L_0x7f91f73b9ec8 .functor BUFT 1, C4<00000000000000000000000000000001>, C4<0>, C4<0>, C4<0>;
v0x55f13c6bc4b0_0 .net/2u *"_ivl_482", 31 0, L_0x7f91f73b9ec8;  1 drivers
v0x55f13c6bc590_0 .net *"_ivl_484", 0 0, L_0x55f13c71b890;  1 drivers
L_0x7f91f73b9f10 .functor BUFT 1, C4<00000000>, C4<0>, C4<0>, C4<0>;
v0x55f13c6bc650_0 .net/2u *"_ivl_486", 7 0, L_0x7f91f73b9f10;  1 drivers
L_0x7f91f73b8ba8 .functor BUFT 1, C4<0>, C4<0>, C4<0>, C4<0>;
v0x55f13c6bc730_0 .net *"_ivl_51", 0 0, L_0x7f91f73b8ba8;  1 drivers
v0x55f13c6bc810_0 .net *"_ivl_52", 8 0, L_0x55f13c70ff90;  1 drivers
L_0x7f91f73b8bf0 .functor BUFT 1, C4<000000001>, C4<0>, C4<0>, C4<0>;
v0x55f13c6bc8f0_0 .net/2u *"_ivl_54", 8 0, L_0x7f91f73b8bf0;  1 drivers
v0x55f13c6bc9d0_0 .net *"_ivl_56", 8 0, L_0x55f13c710a10;  1 drivers
v0x55f13c6bcab0_0 .net *"_ivl_58", 8 0, L_0x55f13c710c50;  1 drivers
v0x55f13c6bcb90_0 .net *"_ivl_61", 0 0, L_0x55f13c710d40;  1 drivers
v0x55f13c6bcc70_0 .net *"_ivl_62", 8 0, L_0x55f13c710e80;  1 drivers
L_0x7f91f73b8c38 .functor BUFT 1, C4<00000000>, C4<0>, C4<0>, C4<0>;
v0x55f13c6bcd50_0 .net *"_ivl_65", 7 0, L_0x7f91f73b8c38;  1 drivers
L_0x7f91f73b8968 .functor BUFT 1, C4<0>, C4<0>, C4<0>, C4<0>;
v0x55f13c6bce30_0 .net *"_ivl_7", 0 0, L_0x7f91f73b8968;  1 drivers
v0x55f13c6bcf10_0 .net *"_ivl_76", 6 0, L_0x55f13c7111d0;  1 drivers
L_0x7f91f73b8c80 .functor BUFT 1, C4<0>, C4<0>, C4<0>, C4<0>;
v0x55f13c6bcff0_0 .net *"_ivl_78", 0 0, L_0x7f91f73b8c80;  1 drivers
v0x55f13c6bd0d0_0 .net *"_ivl_82", 6 0, L_0x55f13c7110b0;  1 drivers
L_0x7f91f73b8cc8 .functor BUFT 1, C4<0>, C4<0>, C4<0>, C4<0>;
v0x55f13c6bd1b0_0 .net *"_ivl_84", 0 0, L_0x7f91f73b8cc8;  1 drivers
v0x55f13c6bd290_0 .net *"_ivl_87", 0 0, L_0x55f13c7113b0;  1 drivers
v0x55f13c6bd370_0 .net *"_ivl_89", 6 0, L_0x55f13c711680;  1 drivers
v0x55f13c6bd450_0 .net *"_ivl_93", 6 0, L_0x55f13c7118a0;  1 drivers
v0x55f13c6bd530_0 .net *"_ivl_95", 0 0, L_0x55f13c711720;  1 drivers
v0x55f13c6bd610_0 .net *"_ivl_99", 0 0, L_0x55f13c711940;  1 drivers
v0x55f13c6bd6f0_0 .net "add_result", 8 0, L_0x55f13c70fa70;  1 drivers
v0x55f13c6bd7d0_0 .net "addc_result", 8 0, L_0x55f13c710760;  1 drivers
v0x55f13c6bd8b0_0 .net "and_result", 7 0, L_0x55f13c710ab0;  1 drivers
v0x55f13c6bd990_0 .net "asr_result", 7 0, L_0x55f13c7115b0;  1 drivers
v0x55f13c6bda70_0 .net "bus_in", 7 0, L_0x55f13c673af0;  alias, 1 drivers
v0x55f13c6bdb50_0 .net "bus_out", 7 0, L_0x55f13c71b3b0;  alias, 1 drivers
v0x55f13c6bdc30_0 .net "c", 0 0, L_0x55f13c718d70;  1 drivers
v0x55f13c6bdcf0_0 .net "c_add", 0 0, L_0x55f13c7164b0;  1 drivers
v0x55f13c6bddb0_0 .net "c_addc", 0 0, L_0x55f13c716270;  1 drivers
v0x55f13c6bde70_0 .net "c_asr", 0 0, L_0x55f13c7165f0;  1 drivers
v0x55f13c6bdf30_0 .net "c_csl", 0 0, L_0x55f13c716690;  1 drivers
v0x55f13c6bdff0_0 .net "c_csr", 0 0, L_0x55f13c716730;  1 drivers
v0x55f13c6be0b0_0 .net "c_lsl", 0 0, L_0x55f13c7168a0;  1 drivers
v0x55f13c6be170_0 .net "c_lsr", 0 0, L_0x55f13c716940;  1 drivers
v0x55f13c6be230_0 .net "c_sub", 0 0, L_0x55f13c716050;  1 drivers
v0x55f13c6be2f0_0 .net "c_subc", 0 0, L_0x55f13c7163b0;  1 drivers
v0x55f13c6be3b0_0 .net "clk", 0 0, v0x55f13c6f2c00_0;  1 drivers
v0x55f13c6be470_0 .net "clk_phase", 1 0, v0x55f13c6bfb80_0;  alias, 1 drivers
v0x55f13c6be550_0 .net "csl_result", 7 0, L_0x55f13c711a30;  1 drivers
v0x55f13c6be630_0 .net "csr_result", 7 0, L_0x55f13c711b70;  1 drivers
v0x55f13c6be710_0 .net "eor_result", 7 0, L_0x55f13c711160;  1 drivers
v0x55f13c6be7f0_0 .net "flags_in", 3 0, L_0x55f13c6ab190;  alias, 1 drivers
v0x55f13c6be8d0_0 .net "flags_out", 3 0, L_0x55f13c71b580;  alias, 1 drivers
v0x55f13c6be9b0_0 .net "lsl_result", 7 0, L_0x55f13c711270;  1 drivers
v0x55f13c6bea90_0 .net "lsr_result", 7 0, L_0x55f13c711470;  1 drivers
v0x55f13c6beb70_0 .net "n", 0 0, L_0x55f13c715fb0;  1 drivers
v0x55f13c6bec30_0 .net "opcode", 3 0, L_0x55f13c7265c0;  alias, 1 drivers
v0x55f13c6bed10_0 .net "or_result", 7 0, L_0x55f13c710de0;  1 drivers
v0x55f13c6bedf0_0 .net "read_en", 0 0, L_0x55f13c720ba0;  alias, 1 drivers
v0x55f13c6beeb0_0 .var "reg_1", 7 0;
v0x55f13c6bef90_0 .var "reg_2", 7 0;
v0x55f13c6bf070_0 .net "result", 7 0, L_0x55f13c716130;  1 drivers
v0x55f13c6bf150_0 .net "sub_result", 8 0, L_0x55f13c7100a0;  1 drivers
v0x55f13c6bf230_0 .net "subc_result", 8 0, L_0x55f13c710f70;  1 drivers
v0x55f13c6bf310_0 .net "v", 0 0, L_0x55f13c71b0d0;  1 drivers
v0x55f13c6bf3d0_0 .net "v_add", 0 0, L_0x55f13c718ed0;  1 drivers
v0x55f13c6bf490_0 .net "v_addc", 0 0, L_0x55f13c719920;  1 drivers
v0x55f13c6bf550_0 .net "v_sub", 0 0, L_0x55f13c719440;  1 drivers
v0x55f13c6bf610_0 .net "v_subc", 0 0, L_0x55f13c71a0f0;  1 drivers
v0x55f13c6bf6d0_0 .net "write_en", 0 0, L_0x55f13c722060;  alias, 1 drivers
v0x55f13c6bf790_0 .net "write_en_2", 0 0, L_0x55f13c722280;  alias, 1 drivers
v0x55f13c6bf850_0 .net "z", 0 0, L_0x55f13c715e70;  1 drivers
E_0x55f13c50d5d0 .event posedge, v0x55f13c6be3b0_0;
L_0x55f13c70f890 .concat [ 8 1 0 0], v0x55f13c6beeb0_0, L_0x7f91f73b8920;
L_0x55f13c70f980 .concat [ 8 1 0 0], v0x55f13c6bef90_0, L_0x7f91f73b8968;
L_0x55f13c70fa70 .arith/sum 9, L_0x55f13c70f890, L_0x55f13c70f980;
L_0x55f13c70fc20 .concat [ 8 1 0 0], v0x55f13c6beeb0_0, L_0x7f91f73b89b0;
L_0x55f13c70fd60 .concat [ 8 1 0 0], v0x55f13c6bef90_0, L_0x7f91f73b89f8;
L_0x55f13c70fef0 .arith/sum 9, L_0x55f13c70fb10, L_0x7f91f73b8a40;
L_0x55f13c7100a0 .arith/sum 9, L_0x55f13c70fc20, L_0x55f13c70fef0;
L_0x55f13c7101e0 .concat [ 8 1 0 0], v0x55f13c6beeb0_0, L_0x7f91f73b8a88;
L_0x55f13c710320 .concat [ 8 1 0 0], v0x55f13c6bef90_0, L_0x7f91f73b8ad0;
L_0x55f13c710410 .arith/sum 9, L_0x55f13c7101e0, L_0x55f13c710320;
L_0x55f13c7105b0 .part L_0x55f13c6ab190, 1, 1;
L_0x55f13c710650 .concat [ 1 8 0 0], L_0x55f13c7105b0, L_0x7f91f73b8b18;
L_0x55f13c710760 .arith/sum 9, L_0x55f13c710410, L_0x55f13c710650;
L_0x55f13c710850 .concat [ 8 1 0 0], v0x55f13c6beeb0_0, L_0x7f91f73b8b60;
L_0x55f13c710970 .concat [ 8 1 0 0], v0x55f13c6bef90_0, L_0x7f91f73b8ba8;
L_0x55f13c710a10 .arith/sum 9, L_0x55f13c70ff90, L_0x7f91f73b8bf0;
L_0x55f13c710c50 .arith/sum 9, L_0x55f13c710850, L_0x55f13c710a10;
L_0x55f13c710d40 .part L_0x55f13c6ab190, 1, 1;
L_0x55f13c710e80 .concat [ 1 8 0 0], L_0x55f13c710d40, L_0x7f91f73b8c38;
L_0x55f13c710f70 .arith/sum 9, L_0x55f13c710c50, L_0x55f13c710e80;
L_0x55f13c7111d0 .part v0x55f13c6beeb0_0, 0, 7;
L_0x55f13c711270 .concat [ 1 7 0 0], L_0x7f91f73b8c80, L_0x55f13c7111d0;
L_0x55f13c7110b0 .part v0x55f13c6beeb0_0, 1, 7;
L_0x55f13c711470 .concat [ 7 1 0 0], L_0x55f13c7110b0, L_0x7f91f73b8cc8;
L_0x55f13c7113b0 .part v0x55f13c6beeb0_0, 7, 1;
L_0x55f13c711680 .part v0x55f13c6beeb0_0, 1, 7;
L_0x55f13c7115b0 .concat [ 7 1 0 0], L_0x55f13c711680, L_0x55f13c7113b0;
L_0x55f13c7118a0 .part v0x55f13c6beeb0_0, 0, 7;
L_0x55f13c711720 .part L_0x55f13c6ab190, 1, 1;
L_0x55f13c711a30 .concat [ 1 7 0 0], L_0x55f13c711720, L_0x55f13c7118a0;
L_0x55f13c711940 .part L_0x55f13c6ab190, 1, 1;
L_0x55f13c711c70 .part v0x55f13c6beeb0_0, 1, 7;
L_0x55f13c711b70 .concat [ 7 1 0 0], L_0x55f13c711c70, L_0x55f13c711940;
L_0x55f13c711e20 .concat [ 4 28 0 0], L_0x55f13c7265c0, L_0x7f91f73b8d10;
L_0x55f13c711d60 .cmp/eq 32, L_0x55f13c711e20, L_0x7f91f73b8d58;
L_0x55f13c712080 .concat [ 4 28 0 0], L_0x55f13c7265c0, L_0x7f91f73b8da0;
L_0x55f13c711ec0 .cmp/eq 32, L_0x55f13c712080, L_0x7f91f73b8de8;
L_0x55f13c7122a0 .concat [ 4 28 0 0], L_0x55f13c7265c0, L_0x7f91f73b8e30;
L_0x55f13c712170 .cmp/eq 32, L_0x55f13c7122a0, L_0x7f91f73b8e78;
L_0x55f13c712520 .concat [ 4 28 0 0], L_0x55f13c7265c0, L_0x7f91f73b8ec0;
L_0x55f13c712390 .cmp/eq 32, L_0x55f13c712520, L_0x7f91f73b8f08;
L_0x55f13c712760 .concat [ 4 28 0 0], L_0x55f13c7265c0, L_0x7f91f73b8f50;
L_0x55f13c712610 .cmp/eq 32, L_0x55f13c712760, L_0x7f91f73b8f98;
L_0x55f13c7129b0 .concat [ 8 1 0 0], L_0x55f13c710ab0, L_0x7f91f73b8fe0;
L_0x55f13c712850 .concat [ 4 28 0 0], L_0x55f13c7265c0, L_0x7f91f73b9028;
L_0x55f13c712c10 .cmp/eq 32, L_0x55f13c712850, L_0x7f91f73b9070;
L_0x55f13c712aa0 .concat [ 8 1 0 0], L_0x55f13c710de0, L_0x7f91f73b90b8;
L_0x55f13c712ed0 .concat [ 4 28 0 0], L_0x55f13c7265c0, L_0x7f91f73b9100;
L_0x55f13c712da0 .cmp/eq 32, L_0x55f13c712ed0, L_0x7f91f73b9148;
L_0x55f13c713150 .concat [ 8 1 0 0], L_0x55f13c711160, L_0x7f91f73b9190;
L_0x55f13c712fc0 .concat [ 4 28 0 0], L_0x55f13c7265c0, L_0x7f91f73b91d8;
L_0x55f13c7133e0 .cmp/eq 32, L_0x55f13c712fc0, L_0x7f91f73b9220;
L_0x55f13c713240 .concat [ 8 1 0 0], L_0x55f13c711270, L_0x7f91f73b9268;
L_0x55f13c713680 .concat [ 4 28 0 0], L_0x55f13c7265c0, L_0x7f91f73b92b0;
L_0x55f13c7134d0 .cmp/eq 32, L_0x55f13c713680, L_0x7f91f73b92f8;
L_0x55f13c7138e0 .concat [ 8 1 0 0], L_0x55f13c711470, L_0x7f91f73b9340;
L_0x55f13c713770 .concat [ 4 28 0 0], L_0x55f13c7265c0, L_0x7f91f73b9388;
L_0x55f13c713ba0 .cmp/eq 32, L_0x55f13c713770, L_0x7f91f73b93d0;
L_0x55f13c7139d0 .concat [ 8 1 0 0], L_0x55f13c7115b0, L_0x7f91f73b9418;
L_0x55f13c714680 .concat [ 4 28 0 0], L_0x55f13c7265c0, L_0x7f91f73b9460;
L_0x55f13c713c90 .cmp/eq 32, L_0x55f13c714680, L_0x7f91f73b94a8;
L_0x55f13c713dd0 .concat [ 8 1 0 0], L_0x55f13c711a30, L_0x7f91f73b94f0;
L_0x55f13c714770 .concat [ 4 28 0 0], L_0x55f13c7265c0, L_0x7f91f73b9538;
L_0x55f13c714860 .cmp/eq 32, L_0x55f13c714770, L_0x7f91f73b9580;
L_0x55f13c714960 .concat [ 8 1 0 0], L_0x55f13c711b70, L_0x7f91f73b95c8;
L_0x55f13c714aa0 .functor MUXZ 9, L_0x7f91f73b9610, L_0x55f13c714960, L_0x55f13c714860, C4<>;
L_0x55f13c714f10 .functor MUXZ 9, L_0x55f13c714aa0, L_0x55f13c713dd0, L_0x55f13c713c90, C4<>;
L_0x55f13c7150a0 .functor MUXZ 9, L_0x55f13c714f10, L_0x55f13c7139d0, L_0x55f13c713ba0, C4<>;
L_0x55f13c714cf0 .functor MUXZ 9, L_0x55f13c7150a0, L_0x55f13c7138e0, L_0x55f13c7134d0, C4<>;
L_0x55f13c715410 .functor MUXZ 9, L_0x55f13c714cf0, L_0x55f13c713240, L_0x55f13c7133e0, C4<>;
L_0x55f13c715230 .functor MUXZ 9, L_0x55f13c715410, L_0x55f13c713150, L_0x55f13c712da0, C4<>;
L_0x55f13c715740 .functor MUXZ 9, L_0x55f13c715230, L_0x55f13c712aa0, L_0x55f13c712c10, C4<>;
L_0x55f13c7155a0 .functor MUXZ 9, L_0x55f13c715740, L_0x55f13c7129b0, L_0x55f13c712610, C4<>;
L_0x55f13c715a80 .functor MUXZ 9, L_0x55f13c7155a0, L_0x55f13c710f70, L_0x55f13c712390, C4<>;
L_0x55f13c7158d0 .functor MUXZ 9, L_0x55f13c715a80, L_0x55f13c7100a0, L_0x55f13c712170, C4<>;
L_0x55f13c715dd0 .functor MUXZ 9, L_0x55f13c7158d0, L_0x55f13c710760, L_0x55f13c711ec0, C4<>;
L_0x55f13c715c10 .functor MUXZ 9, L_0x55f13c715dd0, L_0x55f13c70fa70, L_0x55f13c711d60, C4<>;
L_0x55f13c716130 .part L_0x55f13c715c10, 0, 8;
L_0x55f13c715e70 .cmp/eq 8, L_0x55f13c716130, L_0x7f91f73b9658;
L_0x55f13c715fb0 .part L_0x55f13c716130, 7, 1;
L_0x55f13c7164b0 .part L_0x55f13c70fa70, 8, 1;
L_0x55f13c716550 .part L_0x55f13c7100a0, 8, 1;
L_0x55f13c716270 .part L_0x55f13c710760, 8, 1;
L_0x55f13c716310 .part L_0x55f13c710f70, 8, 1;
L_0x55f13c7168a0 .part v0x55f13c6beeb0_0, 7, 1;
L_0x55f13c716940 .part v0x55f13c6beeb0_0, 0, 1;
L_0x55f13c7165f0 .part v0x55f13c6beeb0_0, 0, 1;
L_0x55f13c716690 .part v0x55f13c6beeb0_0, 7, 1;
L_0x55f13c716730 .part v0x55f13c6beeb0_0, 0, 1;
L_0x55f13c7167d0 .concat [ 4 28 0 0], L_0x55f13c7265c0, L_0x7f91f73b96a0;
L_0x55f13c716d10 .cmp/eq 32, L_0x55f13c7167d0, L_0x7f91f73b96e8;
L_0x55f13c716e50 .concat [ 4 28 0 0], L_0x55f13c7265c0, L_0x7f91f73b9730;
L_0x55f13c716a30 .cmp/eq 32, L_0x55f13c716e50, L_0x7f91f73b9778;
L_0x55f13c716b70 .concat [ 4 28 0 0], L_0x55f13c7265c0, L_0x7f91f73b97c0;
L_0x55f13c7171f0 .cmp/eq 32, L_0x55f13c716b70, L_0x7f91f73b9808;
L_0x55f13c7172e0 .concat [ 4 28 0 0], L_0x55f13c7265c0, L_0x7f91f73b9850;
L_0x55f13c716f40 .cmp/eq 32, L_0x55f13c7172e0, L_0x7f91f73b9898;
L_0x55f13c717080 .concat [ 4 28 0 0], L_0x55f13c7265c0, L_0x7f91f73b98e0;
L_0x55f13c7176a0 .cmp/eq 32, L_0x55f13c717080, L_0x7f91f73b9928;
L_0x55f13c717790 .concat [ 4 28 0 0], L_0x55f13c7265c0, L_0x7f91f73b9970;
L_0x55f13c7173d0 .cmp/eq 32, L_0x55f13c717790, L_0x7f91f73b99b8;
L_0x55f13c717510 .concat [ 4 28 0 0], L_0x55f13c7265c0, L_0x7f91f73b9a00;
L_0x55f13c717600 .cmp/eq 32, L_0x55f13c717510, L_0x7f91f73b9a48;
L_0x55f13c717c10 .concat [ 4 28 0 0], L_0x55f13c7265c0, L_0x7f91f73b9a90;
L_0x55f13c717880 .cmp/eq 32, L_0x55f13c717c10, L_0x7f91f73b9ad8;
L_0x55f13c7179c0 .concat [ 4 28 0 0], L_0x55f13c7265c0, L_0x7f91f73b9b20;
L_0x55f13c717ab0 .cmp/eq 32, L_0x55f13c7179c0, L_0x7f91f73b9b68;
L_0x55f13c7180b0 .functor MUXZ 1, L_0x7f91f73b9bb0, L_0x55f13c716730, L_0x55f13c717ab0, C4<>;
L_0x55f13c717da0 .functor MUXZ 1, L_0x55f13c7180b0, L_0x55f13c716690, L_0x55f13c717880, C4<>;
L_0x55f13c717f30 .functor MUXZ 1, L_0x55f13c717da0, L_0x55f13c7165f0, L_0x55f13c717600, C4<>;
L_0x55f13c7185c0 .functor MUXZ 1, L_0x55f13c717f30, L_0x55f13c716940, L_0x55f13c7173d0, C4<>;
L_0x55f13c718750 .functor MUXZ 1, L_0x55f13c7185c0, L_0x55f13c7168a0, L_0x55f13c7176a0, C4<>;
L_0x55f13c718240 .functor MUXZ 1, L_0x55f13c718750, L_0x55f13c7163b0, L_0x55f13c716f40, C4<>;
L_0x55f13c7183d0 .functor MUXZ 1, L_0x55f13c718240, L_0x55f13c716050, L_0x55f13c7171f0, C4<>;
L_0x55f13c718c30 .functor MUXZ 1, L_0x55f13c7183d0, L_0x55f13c716270, L_0x55f13c716a30, C4<>;
L_0x55f13c718d70 .functor MUXZ 1, L_0x55f13c718c30, L_0x55f13c7164b0, L_0x55f13c716d10, C4<>;
L_0x55f13c7188e0 .part v0x55f13c6beeb0_0, 7, 1;
L_0x55f13c718980 .part v0x55f13c6bef90_0, 7, 1;
L_0x55f13c7191d0 .part L_0x55f13c70fa70, 7, 1;
L_0x55f13c719270 .part v0x55f13c6beeb0_0, 7, 1;
L_0x55f13c718fe0 .part v0x55f13c6beeb0_0, 7, 1;
L_0x55f13c719080 .part v0x55f13c6bef90_0, 7, 1;
L_0x55f13c719790 .part L_0x55f13c7100a0, 7, 1;
L_0x55f13c719830 .part v0x55f13c6beeb0_0, 7, 1;
L_0x55f13c719550 .part v0x55f13c6beeb0_0, 7, 1;
L_0x55f13c7195f0 .part v0x55f13c6bef90_0, 7, 1;
L_0x55f13c719dc0 .part L_0x55f13c710760, 7, 1;
L_0x55f13c719ef0 .part v0x55f13c6beeb0_0, 7, 1;
L_0x55f13c719ac0 .part v0x55f13c6beeb0_0, 7, 1;
L_0x55f13c719b60 .part v0x55f13c6bef90_0, 7, 1;
L_0x55f13c71a3b0 .part L_0x55f13c710f70, 7, 1;
L_0x55f13c71a4e0 .part v0x55f13c6beeb0_0, 7, 1;
L_0x55f13c71a200 .concat [ 4 28 0 0], L_0x55f13c7265c0, L_0x7f91f73b9bf8;
L_0x55f13c71a2f0 .cmp/eq 32, L_0x55f13c71a200, L_0x7f91f73b9c40;
L_0x55f13c71a580 .concat [ 4 28 0 0], L_0x55f13c7265c0, L_0x7f91f73b9c88;
L_0x55f13c71a670 .cmp/eq 32, L_0x55f13c71a580, L_0x7f91f73b9cd0;
L_0x55f13c71a7b0 .concat [ 4 28 0 0], L_0x55f13c7265c0, L_0x7f91f73b9d18;
L_0x55f13c71a8a0 .cmp/eq 32, L_0x55f13c71a7b0, L_0x7f91f73b9d60;
L_0x55f13c71aa00 .concat [ 4 28 0 0], L_0x55f13c7265c0, L_0x7f91f73b9da8;
L_0x55f13c71aaf0 .cmp/eq 32, L_0x55f13c71aa00, L_0x7f91f73b9df0;
L_0x55f13c71ac30 .functor MUXZ 1, L_0x7f91f73b9e38, L_0x55f13c71a0f0, L_0x55f13c71aaf0, C4<>;
L_0x55f13c71b310 .functor MUXZ 1, L_0x55f13c71ac30, L_0x55f13c719440, L_0x55f13c71a8a0, C4<>;
L_0x55f13c71af40 .functor MUXZ 1, L_0x55f13c71b310, L_0x55f13c719920, L_0x55f13c71a670, C4<>;
L_0x55f13c71b0d0 .functor MUXZ 1, L_0x55f13c71af40, L_0x55f13c718ed0, L_0x55f13c71a2f0, C4<>;
L_0x55f13c71b260 .concat [ 1 31 0 0], L_0x55f13c720ba0, L_0x7f91f73b9e80;
L_0x55f13c71b890 .cmp/eq 32, L_0x55f13c71b260, L_0x7f91f73b9ec8;
L_0x55f13c71b3b0 .functor MUXZ 8, L_0x7f91f73b9f10, L_0x55f13c716130, L_0x55f13c71b890, C4<>;
L_0x55f13c71b580 .concat [ 1 1 1 1], L_0x55f13c71b0d0, L_0x55f13c718d70, L_0x55f13c715fb0, L_0x55f13c715e70;
S_0x55f13c691630 .scope module, "clock" "Clock" 2 31, 4 4 0, S_0x55f13c682390;
 .timescale 0 0;
    .port_info 0 /INPUT 1 "clk";
    .port_info 1 /OUTPUT 2 "phase";
v0x55f13c6bfac0_0 .net "clk", 0 0, v0x55f13c6f2c00_0;  alias, 1 drivers
v0x55f13c6bfb80_0 .var "phase", 1 0;
S_0x55f13c690600 .scope module, "cu" "ControlUnit" 2 354, 5 3 0, S_0x55f13c682390;
 .timescale 0 0;
    .port_info 0 /INPUT 1 "clk";
    .port_info 1 /INPUT 2 "clk_phase";
    .port_info 2 /INPUT 8 "bus_in";
    .port_info 3 /OUTPUT 8 "bus_out";
    .port_info 4 /INPUT 2 "pl_in";
    .port_info 5 /INPUT 4 "flags_in";
    .port_info 6 /INPUT 1 "irq_in";
    .port_info 7 /INPUT 1 "svc_in";
    .port_info 8 /INPUT 1 "pf_in";
    .port_info 9 /INPUT 1 "ini_in";
    .port_info 10 /OUTPUT 1 "int_out";
    .port_info 11 /INPUT 1 "irqm_in";
    .port_info 12 /OUTPUT 1 "gr_read";
    .port_info 13 /OUTPUT 1 "gr_write";
    .port_info 14 /OUTPUT 4 "gr_read_sel";
    .port_info 15 /OUTPUT 4 "gr_write_sel";
    .port_info 16 /OUTPUT 1 "alu_read";
    .port_info 17 /OUTPUT 1 "alu_op1_write";
    .port_info 18 /OUTPUT 1 "alu_op2_write";
    .port_info 19 /OUTPUT 4 "alu_opcode";
    .port_info 20 /OUTPUT 1 "mem_read";
    .port_info 21 /OUTPUT 1 "mem_write";
    .port_info 22 /OUTPUT 1 "byte_sel";
    .port_info 23 /OUTPUT 1 "ptbr_read";
    .port_info 24 /OUTPUT 1 "ptbr_write";
    .port_info 25 /OUTPUT 1 "ptbr_addr_read";
    .port_info 26 /OUTPUT 1 "pter_write";
    .port_info 27 /OUTPUT 1 "pter_addr_read";
    .port_info 28 /OUTPUT 1 "mar_write";
    .port_info 29 /OUTPUT 1 "mar_addr_read";
    .port_info 30 /OUTPUT 1 "pc_read";
    .port_info 31 /OUTPUT 1 "pc_write";
    .port_info 32 /OUTPUT 1 "pc_inc";
    .port_info 33 /OUTPUT 1 "intpc_read";
    .port_info 34 /OUTPUT 1 "intpc_write";
    .port_info 35 /OUTPUT 1 "intpc_inc";
    .port_info 36 /OUTPUT 1 "psr_read";
    .port_info 37 /OUTPUT 1 "psr_write";
    .port_info 38 /OUTPUT 1 "psr_flags_write";
    .port_info 39 /OUTPUT 1 "intr_read";
    .port_info 40 /OUTPUT 1 "intr_write";
    .port_info 41 /OUTPUT 1 "svc_out";
L_0x55f13c71e500 .functor BUFZ 1, L_0x55f13c71e170, C4<0>, C4<0>, C4<0>;
L_0x55f13c71e570 .functor BUFZ 1, L_0x55f13c71e320, C4<0>, C4<0>, C4<0>;
L_0x55f13c71e630 .functor BUFZ 1, L_0x55f13c71e460, C4<0>, C4<0>, C4<0>;
L_0x55f13c71e6f0 .functor NOT 1, L_0x55f13c71e3c0, C4<0>, C4<0>, C4<0>;
L_0x55f13c71e7b0 .functor NOT 1, L_0x55f13c71e170, C4<0>, C4<0>, C4<0>;
L_0x55f13c71e820 .functor AND 1, L_0x55f13c71e3c0, L_0x55f13c71e7b0, C4<1>, C4<1>;
L_0x55f13c71e8e0 .functor XOR 1, L_0x55f13c71e460, L_0x55f13c71e320, C4<0>, C4<0>;
L_0x55f13c71e950 .functor XOR 1, L_0x55f13c71e460, L_0x55f13c71e320, C4<0>, C4<0>;
L_0x55f13c71eaa0 .functor NOT 1, L_0x55f13c71e950, C4<0>, C4<0>, C4<0>;
L_0x55f13c71eb10 .functor NOT 1, L_0x55f13c71e170, C4<0>, C4<0>, C4<0>;
L_0x55f13c71ec70 .functor AND 1, L_0x55f13c71eaa0, L_0x55f13c71eb10, C4<1>, C4<1>;
L_0x55f13c71ece0 .functor NOT 1, L_0x55f13c71e170, C4<0>, C4<0>, C4<0>;
L_0x55f13c71edc0 .functor NOT 1, L_0x55f13c71e320, C4<0>, C4<0>, C4<0>;
L_0x55f13c71ee30 .functor NOT 1, L_0x55f13c71e460, C4<0>, C4<0>, C4<0>;
L_0x55f13c71ed50 .functor BUFZ 1, L_0x55f13c71e3c0, C4<0>, C4<0>, C4<0>;
L_0x55f13c71efb0 .functor NOT 1, L_0x55f13c71e3c0, C4<0>, C4<0>, C4<0>;
L_0x55f13c71eea0 .functor OR 1, L_0x55f13c71efb0, L_0x55f13c71e170, C4<0>, C4<0>;
L_0x55f13c71f0b0 .functor XOR 1, L_0x55f13c71e460, L_0x55f13c71e320, C4<0>, C4<0>;
L_0x55f13c71f020 .functor NOT 1, L_0x55f13c71f0b0, C4<0>, C4<0>, C4<0>;
L_0x55f13c71f1c0 .functor XOR 1, L_0x55f13c71e460, L_0x55f13c71e320, C4<0>, C4<0>;
L_0x55f13c71f120 .functor OR 1, L_0x55f13c71f1c0, L_0x55f13c71e170, C4<0>, C4<0>;
L_0x55f13c727110 .functor BUFZ 4, L_0x55f13c727c10, C4<0000>, C4<0000>, C4<0000>;
v0x55f13c6c1820_0 .net *"_ivl_102", 31 0, L_0x55f13c720a50;  1 drivers
L_0x7f91f73ba810 .functor BUFT 1, C4<0000000000000000000000000000>, C4<0>, C4<0>, C4<0>;
v0x55f13c6c1920_0 .net *"_ivl_105", 27 0, L_0x7f91f73ba810;  1 drivers
L_0x7f91f73ba858 .functor BUFT 1, C4<00000000000000000000000000000010>, C4<0>, C4<0>, C4<0>;
v0x55f13c6c1a00_0 .net/2u *"_ivl_106", 31 0, L_0x7f91f73ba858;  1 drivers
v0x55f13c6c1ac0_0 .net *"_ivl_110", 31 0, L_0x55f13c720c90;  1 drivers
L_0x7f91f73ba8a0 .functor BUFT 1, C4<0000000000000000000000000000>, C4<0>, C4<0>, C4<0>;
v0x55f13c6c1ba0_0 .net *"_ivl_113", 27 0, L_0x7f91f73ba8a0;  1 drivers
L_0x7f91f73ba8e8 .functor BUFT 1, C4<00000000000000000000000000000011>, C4<0>, C4<0>, C4<0>;
v0x55f13c6c1cd0_0 .net/2u *"_ivl_114", 31 0, L_0x7f91f73ba8e8;  1 drivers
v0x55f13c6c1db0_0 .net *"_ivl_118", 31 0, L_0x55f13c720f60;  1 drivers
L_0x7f91f73ba930 .functor BUFT 1, C4<0000000000000000000000000000>, C4<0>, C4<0>, C4<0>;
v0x55f13c6c1e90_0 .net *"_ivl_121", 27 0, L_0x7f91f73ba930;  1 drivers
L_0x7f91f73ba978 .functor BUFT 1, C4<00000000000000000000000000000100>, C4<0>, C4<0>, C4<0>;
v0x55f13c6c1f70_0 .net/2u *"_ivl_122", 31 0, L_0x7f91f73ba978;  1 drivers
v0x55f13c6c20e0_0 .net *"_ivl_126", 31 0, L_0x55f13c7211c0;  1 drivers
L_0x7f91f73ba9c0 .functor BUFT 1, C4<0000000000000000000000000000>, C4<0>, C4<0>, C4<0>;
v0x55f13c6c21c0_0 .net *"_ivl_129", 27 0, L_0x7f91f73ba9c0;  1 drivers
L_0x7f91f73baa08 .functor BUFT 1, C4<00000000000000000000000000000101>, C4<0>, C4<0>, C4<0>;
v0x55f13c6c22a0_0 .net/2u *"_ivl_130", 31 0, L_0x7f91f73baa08;  1 drivers
v0x55f13c6c2380_0 .net *"_ivl_134", 31 0, L_0x55f13c721470;  1 drivers
L_0x7f91f73baa50 .functor BUFT 1, C4<0000000000000000000000000000>, C4<0>, C4<0>, C4<0>;
v0x55f13c6c2460_0 .net *"_ivl_137", 27 0, L_0x7f91f73baa50;  1 drivers
L_0x7f91f73baa98 .functor BUFT 1, C4<00000000000000000000000000000110>, C4<0>, C4<0>, C4<0>;
v0x55f13c6c2540_0 .net/2u *"_ivl_138", 31 0, L_0x7f91f73baa98;  1 drivers
v0x55f13c6c2620_0 .net *"_ivl_142", 31 0, L_0x55f13c7216f0;  1 drivers
L_0x7f91f73baae0 .functor BUFT 1, C4<0000000000000000000000000000>, C4<0>, C4<0>, C4<0>;
v0x55f13c6c2700_0 .net *"_ivl_145", 27 0, L_0x7f91f73baae0;  1 drivers
L_0x7f91f73bab28 .functor BUFT 1, C4<00000000000000000000000000000111>, C4<0>, C4<0>, C4<0>;
v0x55f13c6c27e0_0 .net/2u *"_ivl_146", 31 0, L_0x7f91f73bab28;  1 drivers
v0x55f13c6c28c0_0 .net *"_ivl_150", 31 0, L_0x55f13c7219f0;  1 drivers
L_0x7f91f73bab70 .functor BUFT 1, C4<0000000000000000000000000000>, C4<0>, C4<0>, C4<0>;
v0x55f13c6c29a0_0 .net *"_ivl_153", 27 0, L_0x7f91f73bab70;  1 drivers
L_0x7f91f73babb8 .functor BUFT 1, C4<00000000000000000000000000001000>, C4<0>, C4<0>, C4<0>;
v0x55f13c6c2a80_0 .net/2u *"_ivl_154", 31 0, L_0x7f91f73babb8;  1 drivers
v0x55f13c6c2b60_0 .net *"_ivl_158", 31 0, L_0x55f13c721c80;  1 drivers
L_0x7f91f73bac00 .functor BUFT 1, C4<0000000000000000000000000000>, C4<0>, C4<0>, C4<0>;
v0x55f13c6c2c40_0 .net *"_ivl_161", 27 0, L_0x7f91f73bac00;  1 drivers
L_0x7f91f73bac48 .functor BUFT 1, C4<00000000000000000000000000001001>, C4<0>, C4<0>, C4<0>;
v0x55f13c6c2d20_0 .net/2u *"_ivl_162", 31 0, L_0x7f91f73bac48;  1 drivers
v0x55f13c6c2e00_0 .net *"_ivl_166", 31 0, L_0x55f13c721f20;  1 drivers
L_0x7f91f73bac90 .functor BUFT 1, C4<000000000000000000000000000>, C4<0>, C4<0>, C4<0>;
v0x55f13c6c2ee0_0 .net *"_ivl_169", 26 0, L_0x7f91f73bac90;  1 drivers
L_0x7f91f73bacd8 .functor BUFT 1, C4<00000000000000000000000000000001>, C4<0>, C4<0>, C4<0>;
v0x55f13c6c2fc0_0 .net/2u *"_ivl_170", 31 0, L_0x7f91f73bacd8;  1 drivers
v0x55f13c6c30a0_0 .net *"_ivl_174", 31 0, L_0x55f13c7221e0;  1 drivers
L_0x7f91f73bad20 .functor BUFT 1, C4<000000000000000000000000000>, C4<0>, C4<0>, C4<0>;
v0x55f13c6c3180_0 .net *"_ivl_177", 26 0, L_0x7f91f73bad20;  1 drivers
L_0x7f91f73bad68 .functor BUFT 1, C4<00000000000000000000000000000010>, C4<0>, C4<0>, C4<0>;
v0x55f13c6c3260_0 .net/2u *"_ivl_178", 31 0, L_0x7f91f73bad68;  1 drivers
v0x55f13c6c3340_0 .net *"_ivl_18", 0 0, L_0x55f13c71e7b0;  1 drivers
v0x55f13c6c3420_0 .net *"_ivl_182", 31 0, L_0x55f13c722460;  1 drivers
L_0x7f91f73badb0 .functor BUFT 1, C4<000000000000000000000000000>, C4<0>, C4<0>, C4<0>;
v0x55f13c6c3500_0 .net *"_ivl_185", 26 0, L_0x7f91f73badb0;  1 drivers
L_0x7f91f73badf8 .functor BUFT 1, C4<00000000000000000000000000000011>, C4<0>, C4<0>, C4<0>;
v0x55f13c6c35e0_0 .net/2u *"_ivl_186", 31 0, L_0x7f91f73badf8;  1 drivers
v0x55f13c6c36c0_0 .net *"_ivl_190", 31 0, L_0x55f13c7226e0;  1 drivers
L_0x7f91f73bae40 .functor BUFT 1, C4<000000000000000000000000000>, C4<0>, C4<0>, C4<0>;
v0x55f13c6c37a0_0 .net *"_ivl_193", 26 0, L_0x7f91f73bae40;  1 drivers
L_0x7f91f73bae88 .functor BUFT 1, C4<00000000000000000000000000000100>, C4<0>, C4<0>, C4<0>;
v0x55f13c6c3880_0 .net/2u *"_ivl_194", 31 0, L_0x7f91f73bae88;  1 drivers
v0x55f13c6c3960_0 .net *"_ivl_198", 31 0, L_0x55f13c722930;  1 drivers
L_0x7f91f73baed0 .functor BUFT 1, C4<000000000000000000000000000>, C4<0>, C4<0>, C4<0>;
v0x55f13c6c3a40_0 .net *"_ivl_201", 26 0, L_0x7f91f73baed0;  1 drivers
L_0x7f91f73baf18 .functor BUFT 1, C4<00000000000000000000000000000101>, C4<0>, C4<0>, C4<0>;
v0x55f13c6c3b20_0 .net/2u *"_ivl_202", 31 0, L_0x7f91f73baf18;  1 drivers
v0x55f13c6c3c00_0 .net *"_ivl_206", 31 0, L_0x55f13c722b90;  1 drivers
L_0x7f91f73baf60 .functor BUFT 1, C4<000000000000000000000000000>, C4<0>, C4<0>, C4<0>;
v0x55f13c6c3ce0_0 .net *"_ivl_209", 26 0, L_0x7f91f73baf60;  1 drivers
L_0x7f91f73bafa8 .functor BUFT 1, C4<00000000000000000000000000000110>, C4<0>, C4<0>, C4<0>;
v0x55f13c6c3dc0_0 .net/2u *"_ivl_210", 31 0, L_0x7f91f73bafa8;  1 drivers
v0x55f13c6c3ea0_0 .net *"_ivl_214", 31 0, L_0x55f13c722e00;  1 drivers
L_0x7f91f73baff0 .functor BUFT 1, C4<000000000000000000000000000>, C4<0>, C4<0>, C4<0>;
v0x55f13c6c3f80_0 .net *"_ivl_217", 26 0, L_0x7f91f73baff0;  1 drivers
L_0x7f91f73bb038 .functor BUFT 1, C4<00000000000000000000000000000111>, C4<0>, C4<0>, C4<0>;
v0x55f13c6c4060_0 .net/2u *"_ivl_218", 31 0, L_0x7f91f73bb038;  1 drivers
v0x55f13c6c4140_0 .net *"_ivl_222", 31 0, L_0x55f13c723190;  1 drivers
L_0x7f91f73bb080 .functor BUFT 1, C4<000000000000000000000000000>, C4<0>, C4<0>, C4<0>;
v0x55f13c6c4220_0 .net *"_ivl_225", 26 0, L_0x7f91f73bb080;  1 drivers
L_0x7f91f73bb0c8 .functor BUFT 1, C4<00000000000000000000000000001000>, C4<0>, C4<0>, C4<0>;
v0x55f13c6c4300_0 .net/2u *"_ivl_226", 31 0, L_0x7f91f73bb0c8;  1 drivers
v0x55f13c6c43e0_0 .net *"_ivl_230", 31 0, L_0x55f13c7233d0;  1 drivers
L_0x7f91f73bb110 .functor BUFT 1, C4<000000000000000000000000000>, C4<0>, C4<0>, C4<0>;
v0x55f13c6c44c0_0 .net *"_ivl_233", 26 0, L_0x7f91f73bb110;  1 drivers
L_0x7f91f73bb158 .functor BUFT 1, C4<00000000000000000000000000001001>, C4<0>, C4<0>, C4<0>;
v0x55f13c6c45a0_0 .net/2u *"_ivl_234", 31 0, L_0x7f91f73bb158;  1 drivers
v0x55f13c6c4680_0 .net *"_ivl_238", 31 0, L_0x55f13c723620;  1 drivers
v0x55f13c6c4760_0 .net *"_ivl_24", 0 0, L_0x55f13c71e950;  1 drivers
L_0x7f91f73bb1a0 .functor BUFT 1, C4<000000000000000000000000000>, C4<0>, C4<0>, C4<0>;
v0x55f13c6c4840_0 .net *"_ivl_241", 26 0, L_0x7f91f73bb1a0;  1 drivers
L_0x7f91f73bb1e8 .functor BUFT 1, C4<00000000000000000000000000001010>, C4<0>, C4<0>, C4<0>;
v0x55f13c6c4920_0 .net/2u *"_ivl_242", 31 0, L_0x7f91f73bb1e8;  1 drivers
v0x55f13c6c4a00_0 .net *"_ivl_246", 31 0, L_0x55f13c7238d0;  1 drivers
L_0x7f91f73bb230 .functor BUFT 1, C4<000000000000000000000000000>, C4<0>, C4<0>, C4<0>;
v0x55f13c6c4ae0_0 .net *"_ivl_249", 26 0, L_0x7f91f73bb230;  1 drivers
L_0x7f91f73bb278 .functor BUFT 1, C4<00000000000000000000000000001011>, C4<0>, C4<0>, C4<0>;
v0x55f13c6c4bc0_0 .net/2u *"_ivl_250", 31 0, L_0x7f91f73bb278;  1 drivers
v0x55f13c6c4ca0_0 .net *"_ivl_254", 31 0, L_0x55f13c723b90;  1 drivers
L_0x7f91f73bb2c0 .functor BUFT 1, C4<000000000000000000000000000>, C4<0>, C4<0>, C4<0>;
v0x55f13c6c4d80_0 .net *"_ivl_257", 26 0, L_0x7f91f73bb2c0;  1 drivers
L_0x7f91f73bb308 .functor BUFT 1, C4<00000000000000000000000000001100>, C4<0>, C4<0>, C4<0>;
v0x55f13c6c4e60_0 .net/2u *"_ivl_258", 31 0, L_0x7f91f73bb308;  1 drivers
v0x55f13c6c4f40_0 .net *"_ivl_26", 0 0, L_0x55f13c71eaa0;  1 drivers
v0x55f13c6c5020_0 .net *"_ivl_262", 31 0, L_0x55f13c723e60;  1 drivers
L_0x7f91f73bb350 .functor BUFT 1, C4<000000000000000000000000000>, C4<0>, C4<0>, C4<0>;
v0x55f13c6c5100_0 .net *"_ivl_265", 26 0, L_0x7f91f73bb350;  1 drivers
L_0x7f91f73bb398 .functor BUFT 1, C4<00000000000000000000000000001101>, C4<0>, C4<0>, C4<0>;
v0x55f13c6c51e0_0 .net/2u *"_ivl_266", 31 0, L_0x7f91f73bb398;  1 drivers
v0x55f13c6c52c0_0 .net *"_ivl_270", 31 0, L_0x55f13c7240f0;  1 drivers
L_0x7f91f73bb3e0 .functor BUFT 1, C4<000000000000000000000000000>, C4<0>, C4<0>, C4<0>;
v0x55f13c6c53a0_0 .net *"_ivl_273", 26 0, L_0x7f91f73bb3e0;  1 drivers
L_0x7f91f73bb428 .functor BUFT 1, C4<00000000000000000000000000001110>, C4<0>, C4<0>, C4<0>;
v0x55f13c6c5480_0 .net/2u *"_ivl_274", 31 0, L_0x7f91f73bb428;  1 drivers
v0x55f13c6c5560_0 .net *"_ivl_278", 31 0, L_0x55f13c724390;  1 drivers
v0x55f13c6c5640_0 .net *"_ivl_28", 0 0, L_0x55f13c71eb10;  1 drivers
L_0x7f91f73bb470 .functor BUFT 1, C4<000000000000000000000000000>, C4<0>, C4<0>, C4<0>;
v0x55f13c6c5720_0 .net *"_ivl_281", 26 0, L_0x7f91f73bb470;  1 drivers
L_0x7f91f73bb4b8 .functor BUFT 1, C4<00000000000000000000000000001111>, C4<0>, C4<0>, C4<0>;
v0x55f13c6c5800_0 .net/2u *"_ivl_282", 31 0, L_0x7f91f73bb4b8;  1 drivers
v0x55f13c6c58e0_0 .net *"_ivl_286", 31 0, L_0x55f13c7242d0;  1 drivers
L_0x7f91f73bb500 .functor BUFT 1, C4<00000000000000000000000000000>, C4<0>, C4<0>, C4<0>;
v0x55f13c6c59c0_0 .net *"_ivl_289", 28 0, L_0x7f91f73bb500;  1 drivers
L_0x7f91f73bb548 .functor BUFT 1, C4<00000000000000000000000000000001>, C4<0>, C4<0>, C4<0>;
v0x55f13c6c5aa0_0 .net/2u *"_ivl_290", 31 0, L_0x7f91f73bb548;  1 drivers
v0x55f13c6c5b80_0 .net *"_ivl_294", 31 0, L_0x55f13c7248b0;  1 drivers
L_0x7f91f73bb590 .functor BUFT 1, C4<00000000000000000000000000000>, C4<0>, C4<0>, C4<0>;
v0x55f13c6c5c60_0 .net *"_ivl_297", 28 0, L_0x7f91f73bb590;  1 drivers
L_0x7f91f73bb5d8 .functor BUFT 1, C4<00000000000000000000000000000010>, C4<0>, C4<0>, C4<0>;
v0x55f13c6c5d40_0 .net/2u *"_ivl_298", 31 0, L_0x7f91f73bb5d8;  1 drivers
v0x55f13c6c5e20_0 .net *"_ivl_302", 31 0, L_0x55f13c7247d0;  1 drivers
L_0x7f91f73bb620 .functor BUFT 1, C4<00000000000000000000000000000>, C4<0>, C4<0>, C4<0>;
v0x55f13c6c5f00_0 .net *"_ivl_305", 28 0, L_0x7f91f73bb620;  1 drivers
L_0x7f91f73bb668 .functor BUFT 1, C4<00000000000000000000000000000011>, C4<0>, C4<0>, C4<0>;
v0x55f13c6c5fe0_0 .net/2u *"_ivl_306", 31 0, L_0x7f91f73bb668;  1 drivers
v0x55f13c6c60c0_0 .net *"_ivl_310", 31 0, L_0x55f13c724cd0;  1 drivers
L_0x7f91f73bb6b0 .functor BUFT 1, C4<00000000000000000000000000000>, C4<0>, C4<0>, C4<0>;
v0x55f13c6c61a0_0 .net *"_ivl_313", 28 0, L_0x7f91f73bb6b0;  1 drivers
L_0x7f91f73bb6f8 .functor BUFT 1, C4<00000000000000000000000000000100>, C4<0>, C4<0>, C4<0>;
v0x55f13c6c6280_0 .net/2u *"_ivl_314", 31 0, L_0x7f91f73bb6f8;  1 drivers
v0x55f13c6c6360_0 .net *"_ivl_318", 31 0, L_0x55f13c724ae0;  1 drivers
L_0x7f91f73bb740 .functor BUFT 1, C4<00000000000000000000000000000>, C4<0>, C4<0>, C4<0>;
v0x55f13c6c6440_0 .net *"_ivl_321", 28 0, L_0x7f91f73bb740;  1 drivers
L_0x7f91f73bb788 .functor BUFT 1, C4<00000000000000000000000000000101>, C4<0>, C4<0>, C4<0>;
v0x55f13c6c6520_0 .net/2u *"_ivl_322", 31 0, L_0x7f91f73bb788;  1 drivers
v0x55f13c6c6600_0 .net *"_ivl_326", 31 0, L_0x55f13c725160;  1 drivers
L_0x7f91f73bb7d0 .functor BUFT 1, C4<00000000000000000000000000000>, C4<0>, C4<0>, C4<0>;
v0x55f13c6c66e0_0 .net *"_ivl_329", 28 0, L_0x7f91f73bb7d0;  1 drivers
L_0x7f91f73bb818 .functor BUFT 1, C4<00000000000000000000000000000110>, C4<0>, C4<0>, C4<0>;
v0x55f13c6c67c0_0 .net/2u *"_ivl_330", 31 0, L_0x7f91f73bb818;  1 drivers
v0x55f13c6c68a0_0 .net *"_ivl_334", 31 0, L_0x55f13c713e70;  1 drivers
L_0x7f91f73bb860 .functor BUFT 1, C4<000000000000000000000000000000>, C4<0>, C4<0>, C4<0>;
v0x55f13c6c6980_0 .net *"_ivl_337", 29 0, L_0x7f91f73bb860;  1 drivers
L_0x7f91f73bb8a8 .functor BUFT 1, C4<00000000000000000000000000000001>, C4<0>, C4<0>, C4<0>;
v0x55f13c6c6a60_0 .net/2u *"_ivl_338", 31 0, L_0x7f91f73bb8a8;  1 drivers
v0x55f13c6c6b40_0 .net *"_ivl_342", 31 0, L_0x55f13c714370;  1 drivers
L_0x7f91f73bb8f0 .functor BUFT 1, C4<000000000000000000000000000000>, C4<0>, C4<0>, C4<0>;
v0x55f13c6c6c20_0 .net *"_ivl_345", 29 0, L_0x7f91f73bb8f0;  1 drivers
L_0x7f91f73bb938 .functor BUFT 1, C4<00000000000000000000000000000010>, C4<0>, C4<0>, C4<0>;
v0x55f13c6c6d00_0 .net/2u *"_ivl_346", 31 0, L_0x7f91f73bb938;  1 drivers
v0x55f13c6c6de0_0 .net *"_ivl_350", 31 0, L_0x55f13c725340;  1 drivers
L_0x7f91f73bb980 .functor BUFT 1, C4<000000000000000000000000000000>, C4<0>, C4<0>, C4<0>;
v0x55f13c6c6ec0_0 .net *"_ivl_353", 29 0, L_0x7f91f73bb980;  1 drivers
L_0x7f91f73bb9c8 .functor BUFT 1, C4<00000000000000000000000000000011>, C4<0>, C4<0>, C4<0>;
v0x55f13c6c6fa0_0 .net/2u *"_ivl_354", 31 0, L_0x7f91f73bb9c8;  1 drivers
v0x55f13c6c7080_0 .net *"_ivl_358", 31 0, L_0x55f13c714550;  1 drivers
L_0x7f91f73bba10 .functor BUFT 1, C4<000000000000000000000000000000>, C4<0>, C4<0>, C4<0>;
v0x55f13c6c7160_0 .net *"_ivl_361", 29 0, L_0x7f91f73bba10;  1 drivers
L_0x7f91f73bba58 .functor BUFT 1, C4<00000000000000000000000000000001>, C4<0>, C4<0>, C4<0>;
v0x55f13c6c7240_0 .net/2u *"_ivl_362", 31 0, L_0x7f91f73bba58;  1 drivers
v0x55f13c6c7320_0 .net *"_ivl_366", 31 0, L_0x55f13c7140f0;  1 drivers
L_0x7f91f73bbaa0 .functor BUFT 1, C4<000000000000000000000000000000>, C4<0>, C4<0>, C4<0>;
v0x55f13c6c7400_0 .net *"_ivl_369", 29 0, L_0x7f91f73bbaa0;  1 drivers
L_0x7f91f73bbae8 .functor BUFT 1, C4<00000000000000000000000000000010>, C4<0>, C4<0>, C4<0>;
v0x55f13c6c74e0_0 .net/2u *"_ivl_370", 31 0, L_0x7f91f73bbae8;  1 drivers
v0x55f13c6c75c0_0 .net *"_ivl_374", 31 0, L_0x55f13c726880;  1 drivers
L_0x7f91f73bbb30 .functor BUFT 1, C4<000000000000000000000000000000>, C4<0>, C4<0>, C4<0>;
v0x55f13c6c76a0_0 .net *"_ivl_377", 29 0, L_0x7f91f73bbb30;  1 drivers
L_0x7f91f73bbb78 .functor BUFT 1, C4<00000000000000000000000000000011>, C4<0>, C4<0>, C4<0>;
v0x55f13c6c7780_0 .net/2u *"_ivl_378", 31 0, L_0x7f91f73bbb78;  1 drivers
L_0x7f91f73bbbc0 .functor BUFT 1, C4<0000>, C4<0>, C4<0>, C4<0>;
v0x55f13c6c7860_0 .net/2u *"_ivl_384", 3 0, L_0x7f91f73bbbc0;  1 drivers
v0x55f13c6c7940_0 .net *"_ivl_386", 3 0, L_0x55f13c726660;  1 drivers
v0x55f13c6c7a20_0 .net *"_ivl_388", 3 0, L_0x55f13c726d80;  1 drivers
v0x55f13c6c7b00_0 .net *"_ivl_394", 31 0, L_0x55f13c727180;  1 drivers
L_0x7f91f73bbc08 .functor BUFT 1, C4<0000000000000000000000000000000>, C4<0>, C4<0>, C4<0>;
v0x55f13c6c7be0_0 .net *"_ivl_397", 30 0, L_0x7f91f73bbc08;  1 drivers
L_0x7f91f73bbc50 .functor BUFT 1, C4<00000000000000000000000000000001>, C4<0>, C4<0>, C4<0>;
v0x55f13c6c7cc0_0 .net/2u *"_ivl_398", 31 0, L_0x7f91f73bbc50;  1 drivers
v0x55f13c6c7da0_0 .net *"_ivl_400", 0 0, L_0x55f13c726e70;  1 drivers
v0x55f13c6c7e60_0 .net *"_ivl_402", 31 0, L_0x55f13c726fb0;  1 drivers
L_0x7f91f73bbc98 .functor BUFT 1, C4<0000000000000000000000000000000>, C4<0>, C4<0>, C4<0>;
v0x55f13c6c7f40_0 .net *"_ivl_405", 30 0, L_0x7f91f73bbc98;  1 drivers
L_0x7f91f73bbce0 .functor BUFT 1, C4<00000000000000000000000000000000>, C4<0>, C4<0>, C4<0>;
v0x55f13c6c8020_0 .net/2u *"_ivl_406", 31 0, L_0x7f91f73bbce0;  1 drivers
v0x55f13c6c8100_0 .net *"_ivl_408", 0 0, L_0x55f13c727530;  1 drivers
v0x55f13c6c81c0_0 .net *"_ivl_410", 7 0, L_0x55f13c727620;  1 drivers
L_0x7f91f73bbd28 .functor BUFT 1, C4<00000000>, C4<0>, C4<0>, C4<0>;
v0x55f13c6c82a0_0 .net/2u *"_ivl_412", 7 0, L_0x7f91f73bbd28;  1 drivers
v0x55f13c6c8380_0 .net *"_ivl_42", 0 0, L_0x55f13c71efb0;  1 drivers
v0x55f13c6c8460_0 .net *"_ivl_46", 0 0, L_0x55f13c71f0b0;  1 drivers
v0x55f13c6c8540_0 .net *"_ivl_50", 0 0, L_0x55f13c71f1c0;  1 drivers
v0x55f13c6c8620_0 .net *"_ivl_66", 31 0, L_0x55f13c71fda0;  1 drivers
L_0x7f91f73ba5d0 .functor BUFT 1, C4<0000000000000000000000000000000>, C4<0>, C4<0>, C4<0>;
v0x55f13c6c8700_0 .net *"_ivl_69", 30 0, L_0x7f91f73ba5d0;  1 drivers
L_0x7f91f73ba618 .functor BUFT 1, C4<00000000000000000000000000000000>, C4<0>, C4<0>, C4<0>;
v0x55f13c6c87e0_0 .net/2u *"_ivl_70", 31 0, L_0x7f91f73ba618;  1 drivers
v0x55f13c6c88c0_0 .net *"_ivl_72", 0 0, L_0x55f13c71ff30;  1 drivers
v0x55f13c6c9190_0 .net *"_ivl_75", 1 0, L_0x55f13c720020;  1 drivers
L_0x7f91f73ba660 .functor BUFT 1, C4<00>, C4<0>, C4<0>, C4<0>;
v0x55f13c6c9270_0 .net/2u *"_ivl_76", 1 0, L_0x7f91f73ba660;  1 drivers
v0x55f13c6c9350_0 .net *"_ivl_80", 31 0, L_0x55f13c7202b0;  1 drivers
L_0x7f91f73ba6a8 .functor BUFT 1, C4<0000000000000000000000000000000>, C4<0>, C4<0>, C4<0>;
v0x55f13c6c9430_0 .net *"_ivl_83", 30 0, L_0x7f91f73ba6a8;  1 drivers
L_0x7f91f73ba6f0 .functor BUFT 1, C4<00000000000000000000000000000000>, C4<0>, C4<0>, C4<0>;
v0x55f13c6c9510_0 .net/2u *"_ivl_84", 31 0, L_0x7f91f73ba6f0;  1 drivers
v0x55f13c6c95f0_0 .net *"_ivl_86", 0 0, L_0x55f13c7203d0;  1 drivers
v0x55f13c6c96b0_0 .net *"_ivl_89", 1 0, L_0x55f13c720510;  1 drivers
L_0x7f91f73ba738 .functor BUFT 1, C4<00>, C4<0>, C4<0>, C4<0>;
v0x55f13c6c9790_0 .net/2u *"_ivl_90", 1 0, L_0x7f91f73ba738;  1 drivers
v0x55f13c6c9870_0 .net *"_ivl_94", 31 0, L_0x55f13c720780;  1 drivers
L_0x7f91f73ba780 .functor BUFT 1, C4<0000000000000000000000000000>, C4<0>, C4<0>, C4<0>;
v0x55f13c6c9950_0 .net *"_ivl_97", 27 0, L_0x7f91f73ba780;  1 drivers
L_0x7f91f73ba7c8 .functor BUFT 1, C4<00000000000000000000000000000001>, C4<0>, C4<0>, C4<0>;
v0x55f13c6c9a30_0 .net/2u *"_ivl_98", 31 0, L_0x7f91f73ba7c8;  1 drivers
v0x55f13c6c9b10_0 .net "alu_op1_write", 0 0, L_0x55f13c722060;  alias, 1 drivers
v0x55f13c6c9bb0_0 .net "alu_op2_write", 0 0, L_0x55f13c722280;  alias, 1 drivers
v0x55f13c6c9c50_0 .net "alu_opcode", 3 0, L_0x55f13c7265c0;  alias, 1 drivers
v0x55f13c6c9d20_0 .net "alu_read", 0 0, L_0x55f13c720ba0;  alias, 1 drivers
v0x55f13c6c9df0_0 .net "arg1", 3 0, L_0x55f13c727c10;  1 drivers
v0x55f13c6c9ec0_0 .net "arg2", 3 0, L_0x55f13c727d40;  1 drivers
v0x55f13c6c9f90_0 .net "arg3", 3 0, L_0x55f13c727e70;  1 drivers
v0x55f13c6ca060_0 .net "bus_in", 7 0, L_0x55f13c673af0;  alias, 1 drivers
v0x55f13c6ca100_0 .net "bus_out", 7 0, L_0x55f13c727310;  alias, 1 drivers
v0x55f13c6ca1a0_0 .net "byte_sel", 0 0, L_0x55f13c725020;  alias, 1 drivers
v0x55f13c6ca260_0 .net "c", 0 0, L_0x55f13c71e3c0;  1 drivers
v0x55f13c6ca320_0 .net "clk", 0 0, v0x55f13c6f2c00_0;  alias, 1 drivers
v0x55f13c6ca3c0_0 .net "clk_phase", 1 0, v0x55f13c6bfb80_0;  alias, 1 drivers
v0x55f13c6ca510_0 .net "cond", 3 0, L_0x55f13c727a30;  1 drivers
L_0x7f91f73ba540 .functor BUFT 1, C4<1>, C4<0>, C4<0>, C4<0>;
v0x55f13c6ca5d0_0 .net "cond_al", 0 0, L_0x7f91f73ba540;  1 drivers
v0x55f13c6ca670_0 .net "cond_eq", 0 0, L_0x55f13c71e500;  1 drivers
v0x55f13c6ca730_0 .net "cond_ges", 0 0, L_0x55f13c71f020;  1 drivers
v0x55f13c6ca7f0_0 .net "cond_geu", 0 0, L_0x55f13c71ed50;  1 drivers
v0x55f13c6ca8b0_0 .net "cond_gs", 0 0, L_0x55f13c71ec70;  1 drivers
v0x55f13c6ca970_0 .net "cond_gu", 0 0, L_0x55f13c71e820;  1 drivers
v0x55f13c6caa30_0 .net "cond_lut", 15 0, L_0x55f13c71f2e0;  1 drivers
v0x55f13c6cab10_0 .net "cond_met", 0 0, L_0x55f13c71f910;  1 drivers
v0x55f13c6cabd0_0 .net "cond_mi", 0 0, L_0x55f13c71e570;  1 drivers
v0x55f13c6cac90_0 .net "cond_ne", 0 0, L_0x55f13c71ece0;  1 drivers
L_0x7f91f73ba588 .functor BUFT 1, C4<0>, C4<0>, C4<0>, C4<0>;
v0x55f13c6cad50_0 .net "cond_nvr", 0 0, L_0x7f91f73ba588;  1 drivers
v0x55f13c6cae10_0 .net "cond_pl", 0 0, L_0x55f13c71edc0;  1 drivers
v0x55f13c6caed0_0 .net "cond_ses", 0 0, L_0x55f13c71f120;  1 drivers
v0x55f13c6caf90_0 .net "cond_seu", 0 0, L_0x55f13c71eea0;  1 drivers
v0x55f13c6cb050_0 .net "cond_ss", 0 0, L_0x55f13c71e8e0;  1 drivers
v0x55f13c6cb110_0 .net "cond_su", 0 0, L_0x55f13c71e6f0;  1 drivers
v0x55f13c6cb1d0_0 .net "cond_vc", 0 0, L_0x55f13c71ee30;  1 drivers
v0x55f13c6cb290_0 .net "cond_vs", 0 0, L_0x55f13c71e630;  1 drivers
v0x55f13c6cb350 .array "fetch_phys_ucode", 15 0, 15 0;
v0x55f13c6cb410 .array "fetch_virt_ucode", 15 0, 15 0;
v0x55f13c6cb4d0_0 .net "flags_in", 3 0, L_0x55f13c6ab190;  alias, 1 drivers
v0x55f13c6cb5c0_0 .net "gr_read", 0 0, L_0x55f13c720910;  alias, 1 drivers
v0x55f13c6cb660_0 .net "gr_read_sel", 3 0, L_0x55f13c726aa0;  alias, 1 drivers
v0x55f13c6cb740_0 .net "gr_read_sel_arg1", 0 0, L_0x55f13c714230;  1 drivers
v0x55f13c6cb800_0 .net "gr_read_sel_arg2", 0 0, L_0x55f13c725200;  1 drivers
v0x55f13c6cb8c0_0 .net "gr_read_sel_arg3", 0 0, L_0x55f13c714410;  1 drivers
v0x55f13c6cb980_0 .net "gr_write", 0 0, L_0x55f13c721d70;  alias, 1 drivers
v0x55f13c6cba40_0 .net "gr_write_sel", 3 0, L_0x55f13c727110;  alias, 1 drivers
v0x55f13c6cbb20_0 .net "imm0", 7 0, L_0x55f13c727f10;  1 drivers
v0x55f13c6cbc10_0 .net "imm1", 7 0, L_0x55f13c727fb0;  1 drivers
v0x55f13c6cbce0_0 .net "imm_read", 0 0, L_0x55f13c7210d0;  1 drivers
v0x55f13c6cbd80_0 .net "ini_in", 0 0, o0x7f91f763f838;  alias, 0 drivers
v0x55f13c6cbe40 .array "instr_ucode", 1023 0, 15 0;
v0x55f13c6cbf00_0 .net "int_out", 0 0, v0x55f13c6cc800_0;  alias, 1 drivers
v0x55f13c6cbfc0_0 .net "intpc_inc", 0 0, L_0x55f13c724690;  alias, 1 drivers
v0x55f13c6cc080_0 .net "intpc_read", 0 0, L_0x55f13c721600;  alias, 1 drivers
v0x55f13c6cc140_0 .net "intpc_write", 0 0, L_0x55f13c722a20;  alias, 1 drivers
v0x55f13c6cc200_0 .net "intr_read", 0 0, L_0x55f13c721ae0;  alias, 1 drivers
v0x55f13c6cc2c0_0 .net "intr_write", 0 0, L_0x55f13c723280;  alias, 1 drivers
v0x55f13c6cc380_0 .net "ir_frame0_write", 0 0, L_0x55f13c7234c0;  1 drivers
v0x55f13c6cc450_0 .net "ir_frame1_write", 0 0, L_0x55f13c723710;  1 drivers
v0x55f13c6cc520_0 .net "ir_frame2_write", 0 0, L_0x55f13c7239c0;  1 drivers
v0x55f13c6cc5f0_0 .net "ir_frame3_write", 0 0, L_0x55f13c723c80;  1 drivers
v0x55f13c6cc6c0_0 .net "irq_in", 0 0, o0x7f91f763f988;  alias, 0 drivers
v0x55f13c6cc760_0 .net "irqm_in", 0 0, o0x7f91f763f9b8;  alias, 0 drivers
v0x55f13c6cc800_0 .var "is_interrupted", 0 0;
v0x55f13c6cc8a0_0 .net "mar_addr_read", 0 0, L_0x55f13c713fb0;  alias, 1 drivers
v0x55f13c6cc940_0 .net "mar_write", 0 0, L_0x55f13c723f50;  alias, 1 drivers
v0x55f13c6cca00_0 .net "mem_read", 0 0, L_0x55f13c720af0;  alias, 1 drivers
v0x55f13c6ccac0_0 .net "mem_write", 0 0, L_0x55f13c7225e0;  alias, 1 drivers
v0x55f13c6ccb80_0 .net "mux1", 3 0, L_0x55f13c71f230;  1 drivers
v0x55f13c6ccc60_0 .net "mux2", 4 0, L_0x55f13c71fc10;  1 drivers
v0x55f13c6ccd40_0 .net "mux3", 2 0, L_0x55f13c71fd00;  1 drivers
v0x55f13c6cce20_0 .net "mux4", 1 0, L_0x55f13c7201c0;  1 drivers
v0x55f13c6ccf00_0 .net "mux5", 1 0, L_0x55f13c720640;  1 drivers
v0x55f13c6ccfe0_0 .net "n", 0 0, L_0x55f13c71e320;  1 drivers
v0x55f13c6cd0a0_0 .net "opcode", 6 0, L_0x55f13c727ad0;  1 drivers
v0x55f13c6cd190_0 .net "pc_inc", 0 0, L_0x55f13c724480;  alias, 1 drivers
v0x55f13c6cd230_0 .net "pc_read", 0 0, L_0x55f13c721340;  alias, 1 drivers
v0x55f13c6cd2f0_0 .net "pc_write", 0 0, L_0x55f13c7227d0;  alias, 1 drivers
v0x55f13c6cd3b0_0 .net "pf_in", 0 0, o0x7f91f763fc88;  alias, 0 drivers
v0x55f13c6cd470_0 .net "pl_in", 1 0, o0x7f91f763fcb8;  alias, 0 drivers
v0x55f13c6cd550_0 .net "psr_flags_write", 0 0, L_0x55f13c7249a0;  alias, 1 drivers
v0x55f13c6cd610_0 .net "psr_read", 0 0, L_0x55f13c721560;  alias, 1 drivers
v0x55f13c6cd6d0_0 .net "psr_write", 0 0, L_0x55f13c722c80;  alias, 1 drivers
v0x55f13c6cd790_0 .net "ptbr_addr_read", 0 0, L_0x55f13c726740;  alias, 1 drivers
v0x55f13c6cd850_0 .net "ptbr_read", 0 0, L_0x55f13c7218f0;  alias, 1 drivers
v0x55f13c6cd910_0 .net "ptbr_write", 0 0, L_0x55f13c723000;  alias, 1 drivers
v0x55f13c6cd9d0_0 .net "pter_addr_read", 0 0, L_0x55f13c726480;  alias, 1 drivers
v0x55f13c6cda90_0 .net "pter_write", 0 0, L_0x55f13c724190;  alias, 1 drivers
v0x55f13c6cdb50_0 .net "step", 4 0, L_0x55f13c7274a0;  1 drivers
v0x55f13c6cdc40_0 .net "svc", 0 0, L_0x55f13c724b90;  1 drivers
v0x55f13c6cdce0_0 .net "svc_in", 0 0, o0x7f91f763fe98;  alias, 0 drivers
v0x55f13c6cdda0_0 .net "svc_out", 0 0, o0x7f91f763fec8;  alias, 0 drivers
v0x55f13c6cde60_0 .net "uc_reset", 0 0, L_0x55f13c724dc0;  1 drivers
v0x55f13c6cdf30_0 .var "ucode", 15 0;
v0x55f13c6cdff0_0 .net "v", 0 0, L_0x55f13c71e460;  1 drivers
v0x55f13c6ce0b0_0 .net "z", 0 0, L_0x55f13c71e170;  1 drivers
L_0x55f13c71e170 .part L_0x55f13c6ab190, 3, 1;
L_0x55f13c71e320 .part L_0x55f13c6ab190, 2, 1;
L_0x55f13c71e3c0 .part L_0x55f13c6ab190, 1, 1;
L_0x55f13c71e460 .part L_0x55f13c6ab190, 0, 1;
LS_0x55f13c71f2e0_0_0 .concat [ 1 1 1 1], L_0x55f13c71f120, L_0x55f13c71f020, L_0x55f13c71eea0, L_0x55f13c71ed50;
LS_0x55f13c71f2e0_0_4 .concat [ 1 1 1 1], L_0x55f13c71ee30, L_0x55f13c71edc0, L_0x55f13c71ece0, L_0x7f91f73ba588;
LS_0x55f13c71f2e0_0_8 .concat [ 1 1 1 1], L_0x55f13c71ec70, L_0x55f13c71e8e0, L_0x55f13c71e820, L_0x55f13c71e6f0;
LS_0x55f13c71f2e0_0_12 .concat [ 1 1 1 1], L_0x55f13c71e630, L_0x55f13c71e570, L_0x55f13c71e500, L_0x7f91f73ba540;
L_0x55f13c71f2e0 .concat [ 4 4 4 4], LS_0x55f13c71f2e0_0_0, LS_0x55f13c71f2e0_0_4, LS_0x55f13c71f2e0_0_8, LS_0x55f13c71f2e0_0_12;
L_0x55f13c71f910 .part/v L_0x55f13c71f2e0, L_0x55f13c727a30, 1;
L_0x55f13c71f230 .part v0x55f13c6cdf30_0, 12, 4;
L_0x55f13c71fc10 .part v0x55f13c6cdf30_0, 7, 5;
L_0x55f13c71fd00 .part v0x55f13c6cdf30_0, 4, 3;
L_0x55f13c71fda0 .concat [ 1 31 0 0], L_0x55f13c720ba0, L_0x7f91f73ba5d0;
L_0x55f13c71ff30 .cmp/eq 32, L_0x55f13c71fda0, L_0x7f91f73ba618;
L_0x55f13c720020 .part v0x55f13c6cdf30_0, 2, 2;
L_0x55f13c7201c0 .functor MUXZ 2, L_0x7f91f73ba660, L_0x55f13c720020, L_0x55f13c71ff30, C4<>;
L_0x55f13c7202b0 .concat [ 1 31 0 0], L_0x55f13c720ba0, L_0x7f91f73ba6a8;
L_0x55f13c7203d0 .cmp/eq 32, L_0x55f13c7202b0, L_0x7f91f73ba6f0;
L_0x55f13c720510 .part v0x55f13c6cdf30_0, 0, 2;
L_0x55f13c720640 .functor MUXZ 2, L_0x7f91f73ba738, L_0x55f13c720510, L_0x55f13c7203d0, C4<>;
L_0x55f13c720780 .concat [ 4 28 0 0], L_0x55f13c71f230, L_0x7f91f73ba780;
L_0x55f13c720910 .cmp/eq 32, L_0x55f13c720780, L_0x7f91f73ba7c8;
L_0x55f13c720a50 .concat [ 4 28 0 0], L_0x55f13c71f230, L_0x7f91f73ba810;
L_0x55f13c720ba0 .cmp/eq 32, L_0x55f13c720a50, L_0x7f91f73ba858;
L_0x55f13c720c90 .concat [ 4 28 0 0], L_0x55f13c71f230, L_0x7f91f73ba8a0;
L_0x55f13c720af0 .cmp/eq 32, L_0x55f13c720c90, L_0x7f91f73ba8e8;
L_0x55f13c720f60 .concat [ 4 28 0 0], L_0x55f13c71f230, L_0x7f91f73ba930;
L_0x55f13c7210d0 .cmp/eq 32, L_0x55f13c720f60, L_0x7f91f73ba978;
L_0x55f13c7211c0 .concat [ 4 28 0 0], L_0x55f13c71f230, L_0x7f91f73ba9c0;
L_0x55f13c721340 .cmp/eq 32, L_0x55f13c7211c0, L_0x7f91f73baa08;
L_0x55f13c721470 .concat [ 4 28 0 0], L_0x55f13c71f230, L_0x7f91f73baa50;
L_0x55f13c721600 .cmp/eq 32, L_0x55f13c721470, L_0x7f91f73baa98;
L_0x55f13c7216f0 .concat [ 4 28 0 0], L_0x55f13c71f230, L_0x7f91f73baae0;
L_0x55f13c721560 .cmp/eq 32, L_0x55f13c7216f0, L_0x7f91f73bab28;
L_0x55f13c7219f0 .concat [ 4 28 0 0], L_0x55f13c71f230, L_0x7f91f73bab70;
L_0x55f13c7218f0 .cmp/eq 32, L_0x55f13c7219f0, L_0x7f91f73babb8;
L_0x55f13c721c80 .concat [ 4 28 0 0], L_0x55f13c71f230, L_0x7f91f73bac00;
L_0x55f13c721ae0 .cmp/eq 32, L_0x55f13c721c80, L_0x7f91f73bac48;
L_0x55f13c721f20 .concat [ 5 27 0 0], L_0x55f13c71fc10, L_0x7f91f73bac90;
L_0x55f13c721d70 .cmp/eq 32, L_0x55f13c721f20, L_0x7f91f73bacd8;
L_0x55f13c7221e0 .concat [ 5 27 0 0], L_0x55f13c71fc10, L_0x7f91f73bad20;
L_0x55f13c722060 .cmp/eq 32, L_0x55f13c7221e0, L_0x7f91f73bad68;
L_0x55f13c722460 .concat [ 5 27 0 0], L_0x55f13c71fc10, L_0x7f91f73badb0;
L_0x55f13c722280 .cmp/eq 32, L_0x55f13c722460, L_0x7f91f73badf8;
L_0x55f13c7226e0 .concat [ 5 27 0 0], L_0x55f13c71fc10, L_0x7f91f73bae40;
L_0x55f13c7225e0 .cmp/eq 32, L_0x55f13c7226e0, L_0x7f91f73bae88;
L_0x55f13c722930 .concat [ 5 27 0 0], L_0x55f13c71fc10, L_0x7f91f73baed0;
L_0x55f13c7227d0 .cmp/eq 32, L_0x55f13c722930, L_0x7f91f73baf18;
L_0x55f13c722b90 .concat [ 5 27 0 0], L_0x55f13c71fc10, L_0x7f91f73baf60;
L_0x55f13c722a20 .cmp/eq 32, L_0x55f13c722b90, L_0x7f91f73bafa8;
L_0x55f13c722e00 .concat [ 5 27 0 0], L_0x55f13c71fc10, L_0x7f91f73baff0;
L_0x55f13c722c80 .cmp/eq 32, L_0x55f13c722e00, L_0x7f91f73bb038;
L_0x55f13c723190 .concat [ 5 27 0 0], L_0x55f13c71fc10, L_0x7f91f73bb080;
L_0x55f13c723000 .cmp/eq 32, L_0x55f13c723190, L_0x7f91f73bb0c8;
L_0x55f13c7233d0 .concat [ 5 27 0 0], L_0x55f13c71fc10, L_0x7f91f73bb110;
L_0x55f13c723280 .cmp/eq 32, L_0x55f13c7233d0, L_0x7f91f73bb158;
L_0x55f13c723620 .concat [ 5 27 0 0], L_0x55f13c71fc10, L_0x7f91f73bb1a0;
L_0x55f13c7234c0 .cmp/eq 32, L_0x55f13c723620, L_0x7f91f73bb1e8;
L_0x55f13c7238d0 .concat [ 5 27 0 0], L_0x55f13c71fc10, L_0x7f91f73bb230;
L_0x55f13c723710 .cmp/eq 32, L_0x55f13c7238d0, L_0x7f91f73bb278;
L_0x55f13c723b90 .concat [ 5 27 0 0], L_0x55f13c71fc10, L_0x7f91f73bb2c0;
L_0x55f13c7239c0 .cmp/eq 32, L_0x55f13c723b90, L_0x7f91f73bb308;
L_0x55f13c723e60 .concat [ 5 27 0 0], L_0x55f13c71fc10, L_0x7f91f73bb350;
L_0x55f13c723c80 .cmp/eq 32, L_0x55f13c723e60, L_0x7f91f73bb398;
L_0x55f13c7240f0 .concat [ 5 27 0 0], L_0x55f13c71fc10, L_0x7f91f73bb3e0;
L_0x55f13c723f50 .cmp/eq 32, L_0x55f13c7240f0, L_0x7f91f73bb428;
L_0x55f13c724390 .concat [ 5 27 0 0], L_0x55f13c71fc10, L_0x7f91f73bb470;
L_0x55f13c724190 .cmp/eq 32, L_0x55f13c724390, L_0x7f91f73bb4b8;
L_0x55f13c7242d0 .concat [ 3 29 0 0], L_0x55f13c71fd00, L_0x7f91f73bb500;
L_0x55f13c724480 .cmp/eq 32, L_0x55f13c7242d0, L_0x7f91f73bb548;
L_0x55f13c7248b0 .concat [ 3 29 0 0], L_0x55f13c71fd00, L_0x7f91f73bb590;
L_0x55f13c724690 .cmp/eq 32, L_0x55f13c7248b0, L_0x7f91f73bb5d8;
L_0x55f13c7247d0 .concat [ 3 29 0 0], L_0x55f13c71fd00, L_0x7f91f73bb620;
L_0x55f13c724b90 .cmp/eq 32, L_0x55f13c7247d0, L_0x7f91f73bb668;
L_0x55f13c724cd0 .concat [ 3 29 0 0], L_0x55f13c71fd00, L_0x7f91f73bb6b0;
L_0x55f13c7249a0 .cmp/eq 32, L_0x55f13c724cd0, L_0x7f91f73bb6f8;
L_0x55f13c724ae0 .concat [ 3 29 0 0], L_0x55f13c71fd00, L_0x7f91f73bb740;
L_0x55f13c725020 .cmp/eq 32, L_0x55f13c724ae0, L_0x7f91f73bb788;
L_0x55f13c725160 .concat [ 3 29 0 0], L_0x55f13c71fd00, L_0x7f91f73bb7d0;
L_0x55f13c724dc0 .cmp/eq 32, L_0x55f13c725160, L_0x7f91f73bb818;
L_0x55f13c713e70 .concat [ 2 30 0 0], L_0x55f13c7201c0, L_0x7f91f73bb860;
L_0x55f13c714230 .cmp/eq 32, L_0x55f13c713e70, L_0x7f91f73bb8a8;
L_0x55f13c714370 .concat [ 2 30 0 0], L_0x55f13c7201c0, L_0x7f91f73bb8f0;
L_0x55f13c725200 .cmp/eq 32, L_0x55f13c714370, L_0x7f91f73bb938;
L_0x55f13c725340 .concat [ 2 30 0 0], L_0x55f13c7201c0, L_0x7f91f73bb980;
L_0x55f13c714410 .cmp/eq 32, L_0x55f13c725340, L_0x7f91f73bb9c8;
L_0x55f13c714550 .concat [ 2 30 0 0], L_0x55f13c720640, L_0x7f91f73bba10;
L_0x55f13c713fb0 .cmp/eq 32, L_0x55f13c714550, L_0x7f91f73bba58;
L_0x55f13c7140f0 .concat [ 2 30 0 0], L_0x55f13c720640, L_0x7f91f73bbaa0;
L_0x55f13c726740 .cmp/eq 32, L_0x55f13c7140f0, L_0x7f91f73bbae8;
L_0x55f13c726880 .concat [ 2 30 0 0], L_0x55f13c720640, L_0x7f91f73bbb30;
L_0x55f13c726480 .cmp/eq 32, L_0x55f13c726880, L_0x7f91f73bbb78;
L_0x55f13c7265c0 .part v0x55f13c6cdf30_0, 0, 4;
L_0x55f13c726660 .functor MUXZ 4, L_0x7f91f73bbbc0, L_0x55f13c727e70, L_0x55f13c714410, C4<>;
L_0x55f13c726d80 .functor MUXZ 4, L_0x55f13c726660, L_0x55f13c727d40, L_0x55f13c725200, C4<>;
L_0x55f13c726aa0 .functor MUXZ 4, L_0x55f13c726d80, L_0x55f13c727c10, L_0x55f13c714230, C4<>;
L_0x55f13c727180 .concat [ 1 31 0 0], L_0x55f13c7210d0, L_0x7f91f73bbc08;
L_0x55f13c726e70 .cmp/eq 32, L_0x55f13c727180, L_0x7f91f73bbc50;
L_0x55f13c726fb0 .concat [ 1 31 0 0], L_0x55f13c725020, L_0x7f91f73bbc98;
L_0x55f13c727530 .cmp/eq 32, L_0x55f13c726fb0, L_0x7f91f73bbce0;
L_0x55f13c727620 .functor MUXZ 8, L_0x55f13c727fb0, L_0x55f13c727f10, L_0x55f13c727530, C4<>;
L_0x55f13c727310 .functor MUXZ 8, L_0x7f91f73bbd28, L_0x55f13c727620, L_0x55f13c726e70, C4<>;
S_0x55f13c68f5d0 .scope module, "ir" "InstructionRegister" 5 280, 6 4 0, S_0x55f13c690600;
 .timescale 0 0;
    .port_info 0 /INPUT 1 "clk";
    .port_info 1 /INPUT 2 "clk_phase";
    .port_info 2 /INPUT 8 "bus_in";
    .port_info 3 /OUTPUT 4 "cond_out";
    .port_info 4 /OUTPUT 7 "opcode_out";
    .port_info 5 /OUTPUT 4 "arg1_out";
    .port_info 6 /OUTPUT 4 "arg2_out";
    .port_info 7 /OUTPUT 4 "arg3_out";
    .port_info 8 /OUTPUT 8 "imm0_out";
    .port_info 9 /OUTPUT 8 "imm1_out";
    .port_info 10 /INPUT 1 "write_en_0";
    .port_info 11 /INPUT 1 "write_en_1";
    .port_info 12 /INPUT 1 "write_en_2";
    .port_info 13 /INPUT 1 "write_en_3";
v0x55f13c6c0420_0 .net "arg1_out", 3 0, L_0x55f13c727c10;  alias, 1 drivers
v0x55f13c6c0500_0 .net "arg2_out", 3 0, L_0x55f13c727d40;  alias, 1 drivers
v0x55f13c6c05e0_0 .net "arg3_out", 3 0, L_0x55f13c727e70;  alias, 1 drivers
v0x55f13c6c06a0_0 .net "bus_in", 7 0, L_0x55f13c673af0;  alias, 1 drivers
v0x55f13c6c0790_0 .net "clk", 0 0, v0x55f13c6f2c00_0;  alias, 1 drivers
v0x55f13c6c08d0_0 .net "clk_phase", 1 0, v0x55f13c6bfb80_0;  alias, 1 drivers
v0x55f13c6c09c0_0 .net "cond_out", 3 0, L_0x55f13c727a30;  alias, 1 drivers
v0x55f13c6c0aa0_0 .net "imm0_out", 7 0, L_0x55f13c727f10;  alias, 1 drivers
v0x55f13c6c0b80_0 .net "imm1_out", 7 0, L_0x55f13c727fb0;  alias, 1 drivers
v0x55f13c6c0c60_0 .var "instruction", 31 0;
v0x55f13c6c0d40_0 .net "opcode_out", 6 0, L_0x55f13c727ad0;  alias, 1 drivers
v0x55f13c6c0e20_0 .net "write_en_0", 0 0, L_0x55f13c7234c0;  alias, 1 drivers
v0x55f13c6c0ee0_0 .net "write_en_1", 0 0, L_0x55f13c723710;  alias, 1 drivers
v0x55f13c6c0fa0_0 .net "write_en_2", 0 0, L_0x55f13c7239c0;  alias, 1 drivers
v0x55f13c6c1060_0 .net "write_en_3", 0 0, L_0x55f13c723c80;  alias, 1 drivers
L_0x55f13c727a30 .part v0x55f13c6c0c60_0, 28, 4;
L_0x55f13c727ad0 .part v0x55f13c6c0c60_0, 21, 7;
L_0x55f13c727c10 .part v0x55f13c6c0c60_0, 16, 4;
L_0x55f13c727d40 .part v0x55f13c6c0c60_0, 12, 4;
L_0x55f13c727e70 .part v0x55f13c6c0c60_0, 8, 4;
L_0x55f13c727f10 .part v0x55f13c6c0c60_0, 0, 8;
L_0x55f13c727fb0 .part v0x55f13c6c0c60_0, 8, 8;
S_0x55f13c68e5a0 .scope module, "uc" "UC" 5 273, 7 5 0, S_0x55f13c690600;
 .timescale 0 0;
    .port_info 0 /INPUT 1 "clk";
    .port_info 1 /INPUT 2 "clk_phase";
    .port_info 2 /OUTPUT 5 "step";
    .port_info 3 /INPUT 1 "reset";
L_0x55f13c7274a0 .functor BUFZ 5, v0x55f13c6c14f0_0, C4<00000>, C4<00000>, C4<00000>;
v0x55f13c6c1390_0 .net "clk", 0 0, v0x55f13c6f2c00_0;  alias, 1 drivers
v0x55f13c6c1430_0 .net "clk_phase", 1 0, v0x55f13c6bfb80_0;  alias, 1 drivers
v0x55f13c6c14f0_0 .var "content", 4 0;
v0x55f13c6c15b0_0 .net "reset", 0 0, L_0x55f13c724dc0;  alias, 1 drivers
v0x55f13c6c1670_0 .net "step", 4 0, L_0x55f13c7274a0;  alias, 1 drivers
S_0x55f13c68d570 .scope module, "intpc" "INTPC" 2 299, 8 4 0, S_0x55f13c682390;
 .timescale 0 0;
    .port_info 0 /INPUT 1 "reset";
    .port_info 1 /INPUT 1 "byte_sel";
    .port_info 2 /INPUT 1 "write_en";
    .port_info 3 /INPUT 1 "read_en";
    .port_info 4 /INPUT 1 "inc";
    .port_info 5 /INPUT 1 "clk";
    .port_info 6 /INPUT 2 "clk_phase";
    .port_info 7 /INPUT 8 "bus_in";
    .port_info 8 /OUTPUT 8 "bus_out";
P_0x55f13c6c0880 .param/l "DEFAULT_VALUE" 0 8 5, +C4<00000000000000000000000000000000>;
v0x55f13c6ce810_0 .net *"_ivl_0", 31 0, L_0x55f13c71d2c0;  1 drivers
L_0x7f91f73ba390 .functor BUFT 1, C4<0000000000000000000000000000000>, C4<0>, C4<0>, C4<0>;
v0x55f13c6ce910_0 .net *"_ivl_11", 30 0, L_0x7f91f73ba390;  1 drivers
L_0x7f91f73ba3d8 .functor BUFT 1, C4<00000000000000000000000000000000>, C4<0>, C4<0>, C4<0>;
v0x55f13c6ce9f0_0 .net/2u *"_ivl_12", 31 0, L_0x7f91f73ba3d8;  1 drivers
v0x55f13c6ceae0_0 .net *"_ivl_14", 0 0, L_0x55f13c71d5e0;  1 drivers
v0x55f13c6ceba0_0 .net *"_ivl_16", 7 0, L_0x55f13c71d720;  1 drivers
L_0x7f91f73ba420 .functor BUFT 1, C4<00000000>, C4<0>, C4<0>, C4<0>;
v0x55f13c6cecd0_0 .net/2u *"_ivl_18", 7 0, L_0x7f91f73ba420;  1 drivers
L_0x7f91f73ba300 .functor BUFT 1, C4<0000000000000000000000000000000>, C4<0>, C4<0>, C4<0>;
v0x55f13c6cedb0_0 .net *"_ivl_3", 30 0, L_0x7f91f73ba300;  1 drivers
L_0x7f91f73ba348 .functor BUFT 1, C4<00000000000000000000000000000001>, C4<0>, C4<0>, C4<0>;
v0x55f13c6cee90_0 .net/2u *"_ivl_4", 31 0, L_0x7f91f73ba348;  1 drivers
v0x55f13c6cef70_0 .net *"_ivl_6", 0 0, L_0x55f13c71d3b0;  1 drivers
v0x55f13c6cf030_0 .net *"_ivl_8", 31 0, L_0x55f13c71d4f0;  1 drivers
v0x55f13c6cf110_0 .net "bus_in", 7 0, L_0x55f13c673af0;  alias, 1 drivers
v0x55f13c6cf1d0_0 .net "bus_out", 7 0, L_0x55f13c71d810;  alias, 1 drivers
v0x55f13c6cf2b0_0 .var "byte_0", 7 0;
v0x55f13c6cf390_0 .var "byte_1", 7 0;
v0x55f13c6cf470_0 .net "byte_sel", 0 0, L_0x55f13c725020;  alias, 1 drivers
v0x55f13c6cf510_0 .net "clk", 0 0, v0x55f13c6f2c00_0;  alias, 1 drivers
v0x55f13c6cf5b0_0 .net "clk_phase", 1 0, v0x55f13c6bfb80_0;  alias, 1 drivers
v0x55f13c6cf650_0 .net "inc", 0 0, L_0x55f13c724690;  alias, 1 drivers
v0x55f13c6cf720_0 .net "read_en", 0 0, L_0x55f13c721600;  alias, 1 drivers
o0x7f91f76409d8 .functor BUFZ 1, c4<z>; HiZ drive
v0x55f13c6cf7f0_0 .net "reset", 0 0, o0x7f91f76409d8;  0 drivers
v0x55f13c6cf890_0 .net "write_en", 0 0, L_0x55f13c722a20;  alias, 1 drivers
L_0x55f13c71d2c0 .concat [ 1 31 0 0], L_0x55f13c721600, L_0x7f91f73ba300;
L_0x55f13c71d3b0 .cmp/eq 32, L_0x55f13c71d2c0, L_0x7f91f73ba348;
L_0x55f13c71d4f0 .concat [ 1 31 0 0], L_0x55f13c725020, L_0x7f91f73ba390;
L_0x55f13c71d5e0 .cmp/eq 32, L_0x55f13c71d4f0, L_0x7f91f73ba3d8;
L_0x55f13c71d720 .functor MUXZ 8, v0x55f13c6cf390_0, v0x55f13c6cf2b0_0, L_0x55f13c71d5e0, C4<>;
L_0x55f13c71d810 .functor MUXZ 8, L_0x7f91f73ba420, L_0x55f13c71d720, L_0x55f13c71d3b0, C4<>;
S_0x55f13c68c540 .scope module, "intr" "INTR" 2 333, 9 5 0, S_0x55f13c682390;
 .timescale 0 0;
    .port_info 0 /INPUT 1 "clk";
    .port_info 1 /INPUT 2 "clk_phase";
    .port_info 2 /OUTPUT 8 "bus_out";
    .port_info 3 /INPUT 1 "irq_in";
    .port_info 4 /INPUT 1 "ini_in";
    .port_info 5 /INPUT 1 "svc_in";
    .port_info 6 /INPUT 1 "pf_in";
    .port_info 7 /INPUT 1 "int_in";
    .port_info 8 /OUTPUT 1 "irq_out";
    .port_info 9 /OUTPUT 1 "ini_out";
    .port_info 10 /OUTPUT 1 "svc_out";
    .port_info 11 /OUTPUT 1 "pf_out";
    .port_info 12 /INPUT 1 "read_en";
    .port_info 13 /INPUT 1 "reset";
v0x55f13c6cfc60_0 .net *"_ivl_0", 4 0, L_0x55f13c71db80;  1 drivers
v0x55f13c6cfd60_0 .net *"_ivl_2", 7 0, L_0x55f13c71dc20;  1 drivers
L_0x7f91f73ba4b0 .functor BUFT 1, C4<000>, C4<0>, C4<0>, C4<0>;
v0x55f13c6cfe40_0 .net *"_ivl_5", 2 0, L_0x7f91f73ba4b0;  1 drivers
L_0x7f91f73ba4f8 .functor BUFT 1, C4<00000000>, C4<0>, C4<0>, C4<0>;
v0x55f13c6cff00_0 .net/2u *"_ivl_6", 7 0, L_0x7f91f73ba4f8;  1 drivers
v0x55f13c6cffe0_0 .net "bus_out", 7 0, L_0x55f13c71dd60;  alias, 1 drivers
v0x55f13c6d0110_0 .net "clk", 0 0, v0x55f13c6f2c00_0;  alias, 1 drivers
v0x55f13c6d01b0_0 .net "clk_phase", 1 0, v0x55f13c6bfb80_0;  alias, 1 drivers
v0x55f13c6d0270_0 .var "content", 3 0;
v0x55f13c6d0350_0 .net "ini_in", 0 0, o0x7f91f7640cd8;  alias, 0 drivers
v0x55f13c6d0410_0 .net "ini_out", 0 0, L_0x55f13c71df90;  1 drivers
v0x55f13c6d04d0_0 .net "int_in", 0 0, v0x55f13c6cc800_0;  alias, 1 drivers
v0x55f13c6d0570_0 .net "irq_in", 0 0, o0x7f91f7640d38;  alias, 0 drivers
v0x55f13c6d0610_0 .net "irq_out", 0 0, L_0x55f13c71dea0;  1 drivers
v0x55f13c6d06d0_0 .net "pf_in", 0 0, o0x7f91f7640d98;  alias, 0 drivers
v0x55f13c6d0790_0 .net "pf_out", 0 0, L_0x55f13c71e0d0;  1 drivers
v0x55f13c6d0850_0 .net "read_en", 0 0, L_0x55f13c721ae0;  alias, 1 drivers
v0x55f13c6d0920_0 .net "reset", 0 0, L_0x55f13c723280;  alias, 1 drivers
v0x55f13c6d0b00_0 .net "svc_in", 0 0, o0x7f91f763fec8;  alias, 0 drivers
v0x55f13c6d0bd0_0 .net "svc_out", 0 0, L_0x55f13c71e030;  1 drivers
L_0x55f13c71db80 .concat [ 1 4 0 0], v0x55f13c6cc800_0, v0x55f13c6d0270_0;
L_0x55f13c71dc20 .concat [ 5 3 0 0], L_0x55f13c71db80, L_0x7f91f73ba4b0;
L_0x55f13c71dd60 .functor MUXZ 8, L_0x7f91f73ba4f8, L_0x55f13c71dc20, L_0x55f13c721ae0, C4<>;
L_0x55f13c71dea0 .part v0x55f13c6d0270_0, 3, 1;
L_0x55f13c71df90 .part v0x55f13c6d0270_0, 2, 1;
L_0x55f13c71e030 .part v0x55f13c6d0270_0, 1, 1;
L_0x55f13c71e0d0 .part v0x55f13c6d0270_0, 0, 1;
S_0x55f13c68b510 .scope module, "mar" "MAR" 2 269, 10 5 0, S_0x55f13c682390;
 .timescale 0 0;
    .port_info 0 /INPUT 1 "clk";
    .port_info 1 /INPUT 2 "clk_phase";
    .port_info 2 /INPUT 8 "bus_in";
    .port_info 3 /OUTPUT 16 "addr_out";
    .port_info 4 /OUTPUT 8 "byte_0_out";
    .port_info 5 /OUTPUT 8 "byte_1_out";
    .port_info 6 /INPUT 1 "write_en";
    .port_info 7 /INPUT 1 "byte_sel";
L_0x55f13c71ca60 .functor BUFZ 8, v0x55f13c6d1110_0, C4<00000000>, C4<00000000>, C4<00000000>;
L_0x55f13c71cb20 .functor BUFZ 8, v0x55f13c6d12e0_0, C4<00000000>, C4<00000000>, C4<00000000>;
v0x55f13c6d0f50_0 .net "addr_out", 15 0, L_0x55f13c71c9c0;  alias, 1 drivers
v0x55f13c6d1050_0 .net "bus_in", 7 0, L_0x55f13c673af0;  alias, 1 drivers
v0x55f13c6d1110_0 .var "byte_0", 7 0;
v0x55f13c6d1200_0 .net "byte_0_out", 7 0, L_0x55f13c71ca60;  alias, 1 drivers
v0x55f13c6d12e0_0 .var "byte_1", 7 0;
v0x55f13c6d13c0_0 .net "byte_1_out", 7 0, L_0x55f13c71cb20;  alias, 1 drivers
v0x55f13c6d14a0_0 .net "byte_sel", 0 0, L_0x55f13c725020;  alias, 1 drivers
v0x55f13c6d1590_0 .net "clk", 0 0, v0x55f13c6f2c00_0;  alias, 1 drivers
v0x55f13c6d1630_0 .net "clk_phase", 1 0, v0x55f13c6bfb80_0;  alias, 1 drivers
v0x55f13c6d1780_0 .net "write_en", 0 0, L_0x55f13c723f50;  alias, 1 drivers
L_0x55f13c71c9c0 .concat [ 8 8 0 0], v0x55f13c6d1110_0, v0x55f13c6d12e0_0;
S_0x55f13c68a4e0 .scope module, "memory" "Memory" 2 222, 11 5 0, S_0x55f13c682390;
 .timescale 0 0;
    .port_info 0 /INPUT 1 "clk";
    .port_info 1 /INPUT 2 "clk_phase";
    .port_info 2 /INPUT 16 "addr";
    .port_info 3 /INPUT 8 "bus_in";
    .port_info 4 /OUTPUT 8 "bus_out";
    .port_info 5 /INPUT 1 "read_en";
    .port_info 6 /INPUT 1 "write_en";
v0x55f13c6d19f0_0 .net *"_ivl_0", 31 0, L_0x55f13c71b710;  1 drivers
L_0x7f91f73b9f58 .functor BUFT 1, C4<0000000000000000000000000000000>, C4<0>, C4<0>, C4<0>;
v0x55f13c6d1af0_0 .net *"_ivl_3", 30 0, L_0x7f91f73b9f58;  1 drivers
L_0x7f91f73b9fa0 .functor BUFT 1, C4<00000000000000000000000000000001>, C4<0>, C4<0>, C4<0>;
v0x55f13c6d1bd0_0 .net/2u *"_ivl_4", 31 0, L_0x7f91f73b9fa0;  1 drivers
v0x55f13c6d1c90_0 .net *"_ivl_6", 0 0, L_0x55f13c71be80;  1 drivers
L_0x7f91f73b9fe8 .functor BUFT 1, C4<00000000>, C4<0>, C4<0>, C4<0>;
v0x55f13c6d1d50_0 .net/2u *"_ivl_8", 7 0, L_0x7f91f73b9fe8;  1 drivers
v0x55f13c6d1e80_0 .net "addr", 15 0, L_0x55f13c674870;  alias, 1 drivers
v0x55f13c6d1f60_0 .net "bus_in", 7 0, L_0x55f13c673af0;  alias, 1 drivers
v0x55f13c6d2020_0 .net "bus_out", 7 0, L_0x55f13c71bfc0;  alias, 1 drivers
v0x55f13c6d2100_0 .net "clk", 0 0, v0x55f13c6f2c00_0;  alias, 1 drivers
v0x55f13c6d2340_0 .net "clk_phase", 1 0, v0x55f13c6bfb80_0;  alias, 1 drivers
v0x55f13c6d2510_0 .var "read_buffer", 7 0;
v0x55f13c6d25f0_0 .net "read_en", 0 0, L_0x55f13c720af0;  alias, 1 drivers
v0x55f13c6d2690 .array "spram", 4095 0, 7 0;
v0x55f13c6d2730_0 .net "write_en", 0 0, L_0x55f13c7225e0;  alias, 1 drivers
L_0x55f13c71b710 .concat [ 1 31 0 0], L_0x55f13c720af0, L_0x7f91f73b9f58;
L_0x55f13c71be80 .cmp/eq 32, L_0x55f13c71b710, L_0x7f91f73b9fa0;
L_0x55f13c71bfc0 .functor MUXZ 8, L_0x7f91f73b9fe8, v0x55f13c6d2510_0, L_0x55f13c71be80, C4<>;
S_0x55f13c6894b0 .scope module, "pc" "PC" 2 284, 12 4 0, S_0x55f13c682390;
 .timescale 0 0;
    .port_info 0 /INPUT 1 "clk";
    .port_info 1 /INPUT 2 "clk_phase";
    .port_info 2 /INPUT 8 "bus_in";
    .port_info 3 /OUTPUT 8 "bus_out";
    .port_info 4 /INPUT 1 "byte_sel";
    .port_info 5 /INPUT 1 "write_en";
    .port_info 6 /INPUT 1 "read_en";
    .port_info 7 /INPUT 1 "inc";
v0x55f13c6d2a20_0 .net *"_ivl_0", 31 0, L_0x55f13c71cbe0;  1 drivers
L_0x7f91f73ba228 .functor BUFT 1, C4<0000000000000000000000000000000>, C4<0>, C4<0>, C4<0>;
v0x55f13c6d2b20_0 .net *"_ivl_11", 30 0, L_0x7f91f73ba228;  1 drivers
L_0x7f91f73ba270 .functor BUFT 1, C4<00000000000000000000000000000000>, C4<0>, C4<0>, C4<0>;
v0x55f13c6d2c00_0 .net/2u *"_ivl_12", 31 0, L_0x7f91f73ba270;  1 drivers
v0x55f13c6d2cf0_0 .net *"_ivl_14", 0 0, L_0x55f13c71cf00;  1 drivers
v0x55f13c6d2db0_0 .net *"_ivl_16", 7 0, L_0x55f13c71d040;  1 drivers
L_0x7f91f73ba2b8 .functor BUFT 1, C4<00000000>, C4<0>, C4<0>, C4<0>;
v0x55f13c6d2ee0_0 .net/2u *"_ivl_18", 7 0, L_0x7f91f73ba2b8;  1 drivers
L_0x7f91f73ba198 .functor BUFT 1, C4<0000000000000000000000000000000>, C4<0>, C4<0>, C4<0>;
v0x55f13c6d2fc0_0 .net *"_ivl_3", 30 0, L_0x7f91f73ba198;  1 drivers
L_0x7f91f73ba1e0 .functor BUFT 1, C4<00000000000000000000000000000001>, C4<0>, C4<0>, C4<0>;
v0x55f13c6d30a0_0 .net/2u *"_ivl_4", 31 0, L_0x7f91f73ba1e0;  1 drivers
v0x55f13c6d3180_0 .net *"_ivl_6", 0 0, L_0x55f13c71ccd0;  1 drivers
v0x55f13c6d3240_0 .net *"_ivl_8", 31 0, L_0x55f13c71ce10;  1 drivers
v0x55f13c6d3320_0 .net "bus_in", 7 0, L_0x55f13c673af0;  alias, 1 drivers
v0x55f13c6d33e0_0 .net "bus_out", 7 0, L_0x55f13c71d130;  alias, 1 drivers
v0x55f13c6d34c0_0 .var "byte_0", 7 0;
v0x55f13c6d35a0_0 .var "byte_1", 7 0;
v0x55f13c6d3680_0 .net "byte_sel", 0 0, L_0x55f13c725020;  alias, 1 drivers
v0x55f13c6d3720_0 .net "clk", 0 0, v0x55f13c6f2c00_0;  alias, 1 drivers
v0x55f13c6d37c0_0 .net "clk_phase", 1 0, v0x55f13c6bfb80_0;  alias, 1 drivers
v0x55f13c6d3990_0 .net "inc", 0 0, L_0x55f13c724480;  alias, 1 drivers
v0x55f13c6d3a30_0 .net "read_en", 0 0, L_0x55f13c721340;  alias, 1 drivers
v0x55f13c6d3b00_0 .net "write_en", 0 0, L_0x55f13c7227d0;  alias, 1 drivers
L_0x55f13c71cbe0 .concat [ 1 31 0 0], L_0x55f13c721340, L_0x7f91f73ba198;
L_0x55f13c71ccd0 .cmp/eq 32, L_0x55f13c71cbe0, L_0x7f91f73ba1e0;
L_0x55f13c71ce10 .concat [ 1 31 0 0], L_0x55f13c725020, L_0x7f91f73ba228;
L_0x55f13c71cf00 .cmp/eq 32, L_0x55f13c71ce10, L_0x7f91f73ba270;
L_0x55f13c71d040 .functor MUXZ 8, v0x55f13c6d35a0_0, v0x55f13c6d34c0_0, L_0x55f13c71cf00, C4<>;
L_0x55f13c71d130 .functor MUXZ 8, L_0x7f91f73ba2b8, L_0x55f13c71d040, L_0x55f13c71ccd0, C4<>;
S_0x55f13c688480 .scope module, "psr" "PSR" 2 314, 13 6 0, S_0x55f13c682390;
 .timescale 0 0;
    .port_info 0 /INPUT 1 "clk";
    .port_info 1 /INPUT 2 "clk_phase";
    .port_info 2 /INPUT 8 "bus_in";
    .port_info 3 /OUTPUT 8 "bus_out";
    .port_info 4 /INPUT 4 "flags_in";
    .port_info 5 /OUTPUT 4 "flags_out";
    .port_info 6 /OUTPUT 2 "pl_out";
    .port_info 7 /OUTPUT 1 "irqm_out";
    .port_info 8 /INPUT 1 "read_en";
    .port_info 9 /INPUT 1 "write_en";
    .port_info 10 /INPUT 1 "flags_write_en";
L_0x7f91f73ba468 .functor BUFT 1, C4<00000000>, C4<0>, C4<0>, C4<0>;
v0x55f13c6d3de0_0 .net/2u *"_ivl_0", 7 0, L_0x7f91f73ba468;  1 drivers
v0x55f13c6d3ee0_0 .net "bus_in", 7 0, L_0x55f13c673af0;  alias, 1 drivers
v0x55f13c6d3fa0_0 .net "bus_out", 7 0, L_0x55f13c71d9a0;  alias, 1 drivers
v0x55f13c6d4090_0 .net "clk", 0 0, v0x55f13c6f2c00_0;  alias, 1 drivers
v0x55f13c6d4130_0 .net "clk_phase", 1 0, v0x55f13c6bfb80_0;  alias, 1 drivers
v0x55f13c6d41f0_0 .var "content", 7 0;
v0x55f13c6d42d0_0 .net "flags_in", 3 0, L_0x55f13c71b580;  alias, 1 drivers
v0x55f13c6d4390_0 .net "flags_out", 3 0, L_0x55f13c71da90;  alias, 1 drivers
v0x55f13c6d4450_0 .net "flags_write_en", 0 0, L_0x55f13c7249a0;  alias, 1 drivers
v0x55f13c6d4520_0 .net "irqm_out", 0 0, o0x7f91f763f9b8;  alias, 0 drivers
v0x55f13c6d45f0_0 .net "pl_out", 1 0, o0x7f91f763fcb8;  alias, 0 drivers
v0x55f13c6d46c0_0 .net "read_en", 0 0, L_0x55f13c721560;  alias, 1 drivers
v0x55f13c6d4790_0 .net "write_en", 0 0, L_0x55f13c722c80;  alias, 1 drivers
L_0x55f13c71d9a0 .functor MUXZ 8, L_0x7f91f73ba468, v0x55f13c6d41f0_0, L_0x55f13c721560, C4<>;
L_0x55f13c71da90 .part v0x55f13c6d41f0_0, 0, 4;
S_0x55f13c687450 .scope module, "ptbr" "PTBR" 2 236, 14 5 0, S_0x55f13c682390;
 .timescale 0 0;
    .port_info 0 /INPUT 1 "clk";
    .port_info 1 /INPUT 2 "clk_phase";
    .port_info 2 /INPUT 8 "bus_in";
    .port_info 3 /OUTPUT 8 "bus_out";
    .port_info 4 /OUTPUT 16 "addr_out";
    .port_info 5 /INPUT 1 "byte_sel";
    .port_info 6 /INPUT 1 "write_en";
    .port_info 7 /INPUT 1 "read_en";
v0x55f13c6d4b00_0 .net *"_ivl_0", 31 0, L_0x55f13c71c100;  1 drivers
L_0x7f91f73ba0c0 .functor BUFT 1, C4<0000000000000000000000000000000>, C4<0>, C4<0>, C4<0>;
v0x55f13c6d4c00_0 .net *"_ivl_11", 30 0, L_0x7f91f73ba0c0;  1 drivers
L_0x7f91f73ba108 .functor BUFT 1, C4<00000000000000000000000000000000>, C4<0>, C4<0>, C4<0>;
v0x55f13c6d4ce0_0 .net/2u *"_ivl_12", 31 0, L_0x7f91f73ba108;  1 drivers
v0x55f13c6d4dd0_0 .net *"_ivl_14", 0 0, L_0x55f13c71c420;  1 drivers
v0x55f13c6d4e90_0 .net *"_ivl_16", 7 0, L_0x55f13c71c560;  1 drivers
L_0x7f91f73ba150 .functor BUFT 1, C4<00000000>, C4<0>, C4<0>, C4<0>;
v0x55f13c6d4fc0_0 .net/2u *"_ivl_18", 7 0, L_0x7f91f73ba150;  1 drivers
L_0x7f91f73ba030 .functor BUFT 1, C4<0000000000000000000000000000000>, C4<0>, C4<0>, C4<0>;
v0x55f13c6d50a0_0 .net *"_ivl_3", 30 0, L_0x7f91f73ba030;  1 drivers
L_0x7f91f73ba078 .functor BUFT 1, C4<00000000000000000000000000000001>, C4<0>, C4<0>, C4<0>;
v0x55f13c6d5180_0 .net/2u *"_ivl_4", 31 0, L_0x7f91f73ba078;  1 drivers
v0x55f13c6d5260_0 .net *"_ivl_6", 0 0, L_0x55f13c71c1f0;  1 drivers
v0x55f13c6d53b0_0 .net *"_ivl_8", 31 0, L_0x55f13c71c330;  1 drivers
v0x55f13c6d5490_0 .net "addr_out", 15 0, L_0x55f13c71c7e0;  alias, 1 drivers
v0x55f13c6d5570_0 .net "bus_in", 7 0, L_0x55f13c673af0;  alias, 1 drivers
v0x55f13c6d5740_0 .net "bus_out", 7 0, L_0x55f13c71c650;  alias, 1 drivers
v0x55f13c6d5820_0 .var "byte_0", 7 0;
v0x55f13c6d5900_0 .var "byte_1", 7 0;
v0x55f13c6d59e0_0 .net "byte_sel", 0 0, L_0x55f13c725020;  alias, 1 drivers
v0x55f13c6d5a80_0 .net "clk", 0 0, v0x55f13c6f2c00_0;  alias, 1 drivers
v0x55f13c6d5c30_0 .net "clk_phase", 1 0, v0x55f13c6bfb80_0;  alias, 1 drivers
v0x55f13c6d5cf0_0 .net "read_en", 0 0, L_0x55f13c7218f0;  alias, 1 drivers
v0x55f13c6d5d90_0 .net "write_en", 0 0, L_0x55f13c723000;  alias, 1 drivers
L_0x55f13c71c100 .concat [ 1 31 0 0], L_0x55f13c7218f0, L_0x7f91f73ba030;
L_0x55f13c71c1f0 .cmp/eq 32, L_0x55f13c71c100, L_0x7f91f73ba078;
L_0x55f13c71c330 .concat [ 1 31 0 0], L_0x55f13c725020, L_0x7f91f73ba0c0;
L_0x55f13c71c420 .cmp/eq 32, L_0x55f13c71c330, L_0x7f91f73ba108;
L_0x55f13c71c560 .functor MUXZ 8, v0x55f13c6d5900_0, v0x55f13c6d5820_0, L_0x55f13c71c420, C4<>;
L_0x55f13c71c650 .functor MUXZ 8, L_0x7f91f73ba150, L_0x55f13c71c560, L_0x55f13c71c1f0, C4<>;
L_0x55f13c71c7e0 .concat [ 8 8 0 0], v0x55f13c6d5820_0, v0x55f13c6d5900_0;
S_0x55f13c686420 .scope module, "pter" "PTER" 2 253, 15 6 0, S_0x55f13c682390;
 .timescale 0 0;
    .port_info 0 /INPUT 1 "clk";
    .port_info 1 /INPUT 2 "clk_phase";
    .port_info 2 /INPUT 8 "bus_in";
    .port_info 3 /OUTPUT 1 "pf_out";
    .port_info 4 /OUTPUT 16 "addr_out";
    .port_info 5 /INPUT 1 "write_en";
    .port_info 6 /INPUT 1 "byte_sel";
v0x55f13c6d6010_0 .net "addr_out", 15 0, L_0x55f13c71c920;  alias, 1 drivers
v0x55f13c6d6110_0 .net "bus_in", 7 0, L_0x55f13c673af0;  alias, 1 drivers
v0x55f13c6d61d0_0 .var "byte_0", 7 0;
v0x55f13c6d62c0_0 .var "byte_1", 7 0;
v0x55f13c6d63a0_0 .net "byte_sel", 0 0, L_0x55f13c725020;  alias, 1 drivers
v0x55f13c6d6440_0 .net "clk", 0 0, v0x55f13c6f2c00_0;  alias, 1 drivers
v0x55f13c6d64e0_0 .net "clk_phase", 1 0, v0x55f13c6bfb80_0;  alias, 1 drivers
o0x7f91f7642178 .functor BUFZ 1, c4<z>; HiZ drive
v0x55f13c6d65a0_0 .net "pf_out", 0 0, o0x7f91f7642178;  0 drivers
v0x55f13c6d6660_0 .net "write_en", 0 0, L_0x55f13c724190;  alias, 1 drivers
L_0x55f13c71c920 .concat [ 8 8 0 0], v0x55f13c6d61d0_0, v0x55f13c6d62c0_0;
S_0x55f13c6853f0 .scope module, "registers" "GeneralRegisters" 2 190, 16 4 0, S_0x55f13c682390;
 .timescale 0 0;
    .port_info 0 /INPUT 1 "clk";
    .port_info 1 /INPUT 2 "clk_phase";
    .port_info 2 /INPUT 8 "bus_in";
    .port_info 3 /OUTPUT 8 "bus_out";
    .port_info 4 /INPUT 1 "read_en";
    .port_info 5 /INPUT 1 "write_en";
    .port_info 6 /INPUT 4 "read_sel";
    .port_info 7 /INPUT 4 "write_sel";
L_0x55f13c70eca0 .functor OR 8, L_0x55f13c707470, L_0x55f13c707b00, C4<00000000>, C4<00000000>;
L_0x55f13c70ed10 .functor OR 8, L_0x55f13c70eca0, L_0x55f13c708200, C4<00000000>, C4<00000000>;
L_0x55f13c70edd0 .functor OR 8, L_0x55f13c70ed10, L_0x55f13c708900, C4<00000000>, C4<00000000>;
L_0x55f13c70ee90 .functor OR 8, L_0x55f13c70edd0, L_0x55f13c709000, C4<00000000>, C4<00000000>;
L_0x55f13c70ef80 .functor OR 8, L_0x55f13c70ee90, L_0x55f13c709700, C4<00000000>, C4<00000000>;
L_0x55f13c70f040 .functor OR 8, L_0x55f13c70ef80, L_0x55f13c709e30, C4<00000000>, C4<00000000>;
L_0x55f13c70f140 .functor OR 8, L_0x55f13c70f040, L_0x55f13c70a560, C4<00000000>, C4<00000000>;
L_0x55f13c70f200 .functor OR 8, L_0x55f13c70f140, L_0x55f13c70ac90, C4<00000000>, C4<00000000>;
L_0x55f13c70f310 .functor OR 8, L_0x55f13c70f200, L_0x55f13c70b3c0, C4<00000000>, C4<00000000>;
L_0x55f13c70f3d0 .functor OR 8, L_0x55f13c70f310, L_0x55f13c70baf0, C4<00000000>, C4<00000000>;
L_0x55f13c70f4f0 .functor OR 8, L_0x55f13c70f3d0, L_0x55f13c70c630, C4<00000000>, C4<00000000>;
L_0x55f13c70f560 .functor OR 8, L_0x55f13c70f4f0, L_0x55f13c70cd60, C4<00000000>, C4<00000000>;
L_0x55f13c70f690 .functor OR 8, L_0x55f13c70f560, L_0x55f13c70dcb0, C4<00000000>, C4<00000000>;
L_0x55f13c70f700 .functor OR 8, L_0x55f13c70f690, L_0x55f13c70e3e0, C4<00000000>, C4<00000000>;
L_0x55f13c70f620 .functor OR 8, L_0x55f13c70f700, L_0x55f13c70eb10, C4<00000000>, C4<00000000>;
v0x55f13c6ef530_0 .net *"_ivl_11", 7 0, L_0x55f13c70ee90;  1 drivers
v0x55f13c6ef630_0 .net *"_ivl_14", 7 0, L_0x55f13c70ef80;  1 drivers
v0x55f13c6ef710_0 .net *"_ivl_17", 7 0, L_0x55f13c70f040;  1 drivers
v0x55f13c6ef7d0_0 .net *"_ivl_2", 7 0, L_0x55f13c70eca0;  1 drivers
v0x55f13c6ef8b0_0 .net *"_ivl_20", 7 0, L_0x55f13c70f140;  1 drivers
v0x55f13c6ef990_0 .net *"_ivl_23", 7 0, L_0x55f13c70f200;  1 drivers
v0x55f13c6efa70_0 .net *"_ivl_26", 7 0, L_0x55f13c70f310;  1 drivers
v0x55f13c6efb50_0 .net *"_ivl_29", 7 0, L_0x55f13c70f3d0;  1 drivers
v0x55f13c6efc30_0 .net *"_ivl_32", 7 0, L_0x55f13c70f4f0;  1 drivers
v0x55f13c6efd10_0 .net *"_ivl_35", 7 0, L_0x55f13c70f560;  1 drivers
v0x55f13c6efdf0_0 .net *"_ivl_38", 7 0, L_0x55f13c70f690;  1 drivers
v0x55f13c6efed0_0 .net *"_ivl_41", 7 0, L_0x55f13c70f700;  1 drivers
v0x55f13c6effb0_0 .net *"_ivl_5", 7 0, L_0x55f13c70ed10;  1 drivers
v0x55f13c6f0090_0 .net *"_ivl_8", 7 0, L_0x55f13c70edd0;  1 drivers
v0x55f13c6f0170_0 .net "bus_in", 7 0, L_0x55f13c673af0;  alias, 1 drivers
v0x55f13c6f0230_0 .net "bus_out", 7 0, L_0x55f13c70f620;  alias, 1 drivers
v0x55f13c6f0310_0 .net "clk", 0 0, v0x55f13c6f2c00_0;  alias, 1 drivers
v0x55f13c6f03b0_0 .net "clk_phase", 1 0, v0x55f13c6bfb80_0;  alias, 1 drivers
v0x55f13c6f0470_0 .net "read_en", 0 0, L_0x55f13c720910;  alias, 1 drivers
v0x55f13c6f0510_0 .net "read_sel", 3 0, L_0x55f13c726aa0;  alias, 1 drivers
v0x55f13c6f05d0 .array "reg_bus_out", 15 0;
v0x55f13c6f05d0_0 .net v0x55f13c6f05d0 0, 7 0, L_0x55f13c707470; 1 drivers
v0x55f13c6f05d0_1 .net v0x55f13c6f05d0 1, 7 0, L_0x55f13c707b00; 1 drivers
v0x55f13c6f05d0_2 .net v0x55f13c6f05d0 2, 7 0, L_0x55f13c708200; 1 drivers
v0x55f13c6f05d0_3 .net v0x55f13c6f05d0 3, 7 0, L_0x55f13c708900; 1 drivers
v0x55f13c6f05d0_4 .net v0x55f13c6f05d0 4, 7 0, L_0x55f13c709000; 1 drivers
v0x55f13c6f05d0_5 .net v0x55f13c6f05d0 5, 7 0, L_0x55f13c709700; 1 drivers
v0x55f13c6f05d0_6 .net v0x55f13c6f05d0 6, 7 0, L_0x55f13c709e30; 1 drivers
v0x55f13c6f05d0_7 .net v0x55f13c6f05d0 7, 7 0, L_0x55f13c70a560; 1 drivers
v0x55f13c6f05d0_8 .net v0x55f13c6f05d0 8, 7 0, L_0x55f13c70ac90; 1 drivers
v0x55f13c6f05d0_9 .net v0x55f13c6f05d0 9, 7 0, L_0x55f13c70b3c0; 1 drivers
v0x55f13c6f05d0_10 .net v0x55f13c6f05d0 10, 7 0, L_0x55f13c70baf0; 1 drivers
v0x55f13c6f05d0_11 .net v0x55f13c6f05d0 11, 7 0, L_0x55f13c70c630; 1 drivers
v0x55f13c6f05d0_12 .net v0x55f13c6f05d0 12, 7 0, L_0x55f13c70cd60; 1 drivers
v0x55f13c6f05d0_13 .net v0x55f13c6f05d0 13, 7 0, L_0x55f13c70dcb0; 1 drivers
v0x55f13c6f05d0_14 .net v0x55f13c6f05d0 14, 7 0, L_0x55f13c70e3e0; 1 drivers
v0x55f13c6f05d0_15 .net v0x55f13c6f05d0 15, 7 0, L_0x55f13c70eb10; 1 drivers
v0x55f13c6f0960_0 .net "write_en", 0 0, L_0x55f13c721d70;  alias, 1 drivers
v0x55f13c6f0a00_0 .net "write_sel", 3 0, L_0x55f13c727110;  alias, 1 drivers
S_0x55f13c6843c0 .scope generate, "genblk1[0]" "genblk1[0]" 16 28, 16 28 0, S_0x55f13c6853f0;
 .timescale 0 0;
P_0x55f13c6d69b0 .param/l "i" 1 16 28, +C4<00>;
S_0x55f13c6833c0 .scope module, "registers" "GeneralRegister" 16 32, 17 5 0, S_0x55f13c6843c0;
 .timescale 0 0;
    .port_info 0 /INPUT 1 "clk";
    .port_info 1 /INPUT 2 "clk_phase";
    .port_info 2 /INPUT 8 "bus_in";
    .port_info 3 /OUTPUT 8 "bus_out";
    .port_info 4 /INPUT 1 "read_en";
    .port_info 5 /INPUT 1 "write_en";
    .port_info 6 /INPUT 4 "read_sel";
    .port_info 7 /INPUT 4 "write_sel";
P_0x55f13c6d6ae0 .param/l "POSITION" 0 17 6, +C4<00000000000000000000000000000000>;
L_0x55f13c6ae5d0 .functor AND 1, L_0x55f13c707060, L_0x55f13c707290, C4<1>, C4<1>;
v0x55f13c6d6da0_0 .net *"_ivl_0", 31 0, L_0x55f13c706fc0;  1 drivers
L_0x7f91f73b7330 .functor BUFT 1, C4<0000000000000000000000000000000>, C4<0>, C4<0>, C4<0>;
v0x55f13c6d6ea0_0 .net *"_ivl_11", 30 0, L_0x7f91f73b7330;  1 drivers
L_0x7f91f73b7378 .functor BUFT 1, C4<00000000000000000000000000000001>, C4<0>, C4<0>, C4<0>;
v0x55f13c6d6f80_0 .net/2u *"_ivl_12", 31 0, L_0x7f91f73b7378;  1 drivers
v0x55f13c6d7070_0 .net *"_ivl_14", 0 0, L_0x55f13c707290;  1 drivers
v0x55f13c6d7130_0 .net *"_ivl_17", 0 0, L_0x55f13c6ae5d0;  1 drivers
L_0x7f91f73b73c0 .functor BUFT 1, C4<00000000>, C4<0>, C4<0>, C4<0>;
v0x55f13c6d7240_0 .net/2u *"_ivl_18", 7 0, L_0x7f91f73b73c0;  1 drivers
L_0x7f91f73b72a0 .functor BUFT 1, C4<0000000000000000000000000000>, C4<0>, C4<0>, C4<0>;
v0x55f13c6d7320_0 .net *"_ivl_3", 27 0, L_0x7f91f73b72a0;  1 drivers
L_0x7f91f73b72e8 .functor BUFT 1, C4<00000000000000000000000000000000>, C4<0>, C4<0>, C4<0>;
v0x55f13c6d7400_0 .net/2u *"_ivl_4", 31 0, L_0x7f91f73b72e8;  1 drivers
v0x55f13c6d74e0_0 .net *"_ivl_6", 0 0, L_0x55f13c707060;  1 drivers
v0x55f13c6d75a0_0 .net *"_ivl_8", 31 0, L_0x55f13c7071a0;  1 drivers
v0x55f13c6d7680_0 .net "bus_in", 7 0, L_0x55f13c673af0;  alias, 1 drivers
v0x55f13c6d7740_0 .net "bus_out", 7 0, L_0x55f13c707470;  alias, 1 drivers
v0x55f13c6d7820_0 .net "clk", 0 0, v0x55f13c6f2c00_0;  alias, 1 drivers
v0x55f13c6d78c0_0 .net "clk_phase", 1 0, v0x55f13c6bfb80_0;  alias, 1 drivers
v0x55f13c6d7980_0 .var "content", 7 0;
v0x55f13c6d7a60_0 .net "read_en", 0 0, L_0x55f13c720910;  alias, 1 drivers
v0x55f13c6d7b00_0 .net "read_sel", 3 0, L_0x55f13c726aa0;  alias, 1 drivers
v0x55f13c6d7ce0_0 .net "write_en", 0 0, L_0x55f13c721d70;  alias, 1 drivers
v0x55f13c6d7db0_0 .net "write_sel", 3 0, L_0x55f13c727110;  alias, 1 drivers
L_0x55f13c706fc0 .concat [ 4 28 0 0], L_0x55f13c726aa0, L_0x7f91f73b72a0;
L_0x55f13c707060 .cmp/eq 32, L_0x55f13c706fc0, L_0x7f91f73b72e8;
L_0x55f13c7071a0 .concat [ 1 31 0 0], L_0x55f13c720910, L_0x7f91f73b7330;
L_0x55f13c707290 .cmp/eq 32, L_0x55f13c7071a0, L_0x7f91f73b7378;
L_0x55f13c707470 .functor MUXZ 8, L_0x7f91f73b73c0, v0x55f13c6d7980_0, L_0x55f13c6ae5d0, C4<>;
S_0x55f13c6d7f40 .scope generate, "genblk1[1]" "genblk1[1]" 16 28, 16 28 0, S_0x55f13c6853f0;
 .timescale 0 0;
P_0x55f13c6d8110 .param/l "i" 1 16 28, +C4<01>;
S_0x55f13c6d81d0 .scope module, "registers" "GeneralRegister" 16 32, 17 5 0, S_0x55f13c6d7f40;
 .timescale 0 0;
    .port_info 0 /INPUT 1 "clk";
    .port_info 1 /INPUT 2 "clk_phase";
    .port_info 2 /INPUT 8 "bus_in";
    .port_info 3 /OUTPUT 8 "bus_out";
    .port_info 4 /INPUT 1 "read_en";
    .port_info 5 /INPUT 1 "write_en";
    .port_info 6 /INPUT 4 "read_sel";
    .port_info 7 /INPUT 4 "write_sel";
P_0x55f13c6d83b0 .param/l "POSITION" 0 17 6, +C4<00000000000000000000000000000001>;
L_0x55f13c5d1530 .functor AND 1, L_0x55f13c7076f0, L_0x55f13c707920, C4<1>, C4<1>;
v0x55f13c6d85e0_0 .net *"_ivl_0", 31 0, L_0x55f13c707600;  1 drivers
L_0x7f91f73b7498 .functor BUFT 1, C4<0000000000000000000000000000000>, C4<0>, C4<0>, C4<0>;
v0x55f13c6d86e0_0 .net *"_ivl_11", 30 0, L_0x7f91f73b7498;  1 drivers
L_0x7f91f73b74e0 .functor BUFT 1, C4<00000000000000000000000000000001>, C4<0>, C4<0>, C4<0>;
v0x55f13c6d87c0_0 .net/2u *"_ivl_12", 31 0, L_0x7f91f73b74e0;  1 drivers
v0x55f13c6d88b0_0 .net *"_ivl_14", 0 0, L_0x55f13c707920;  1 drivers
v0x55f13c6d8970_0 .net *"_ivl_17", 0 0, L_0x55f13c5d1530;  1 drivers
L_0x7f91f73b7528 .functor BUFT 1, C4<00000000>, C4<0>, C4<0>, C4<0>;
v0x55f13c6d8a80_0 .net/2u *"_ivl_18", 7 0, L_0x7f91f73b7528;  1 drivers
L_0x7f91f73b7408 .functor BUFT 1, C4<0000000000000000000000000000>, C4<0>, C4<0>, C4<0>;
v0x55f13c6d8b60_0 .net *"_ivl_3", 27 0, L_0x7f91f73b7408;  1 drivers
L_0x7f91f73b7450 .functor BUFT 1, C4<00000000000000000000000000000001>, C4<0>, C4<0>, C4<0>;
v0x55f13c6d8c40_0 .net/2u *"_ivl_4", 31 0, L_0x7f91f73b7450;  1 drivers
v0x55f13c6d8d20_0 .net *"_ivl_6", 0 0, L_0x55f13c7076f0;  1 drivers
v0x55f13c6d8de0_0 .net *"_ivl_8", 31 0, L_0x55f13c707830;  1 drivers
v0x55f13c6d8ec0_0 .net "bus_in", 7 0, L_0x55f13c673af0;  alias, 1 drivers
v0x55f13c6d8f80_0 .net "bus_out", 7 0, L_0x55f13c707b00;  alias, 1 drivers
v0x55f13c6d9060_0 .net "clk", 0 0, v0x55f13c6f2c00_0;  alias, 1 drivers
v0x55f13c6d9100_0 .net "clk_phase", 1 0, v0x55f13c6bfb80_0;  alias, 1 drivers
v0x55f13c6d91c0_0 .var "content", 7 0;
v0x55f13c6d92a0_0 .net "read_en", 0 0, L_0x55f13c720910;  alias, 1 drivers
v0x55f13c6d9340_0 .net "read_sel", 3 0, L_0x55f13c726aa0;  alias, 1 drivers
v0x55f13c6d9560_0 .net "write_en", 0 0, L_0x55f13c721d70;  alias, 1 drivers
v0x55f13c6d9650_0 .net "write_sel", 3 0, L_0x55f13c727110;  alias, 1 drivers
L_0x55f13c707600 .concat [ 4 28 0 0], L_0x55f13c726aa0, L_0x7f91f73b7408;
L_0x55f13c7076f0 .cmp/eq 32, L_0x55f13c707600, L_0x7f91f73b7450;
L_0x55f13c707830 .concat [ 1 31 0 0], L_0x55f13c720910, L_0x7f91f73b7498;
L_0x55f13c707920 .cmp/eq 32, L_0x55f13c707830, L_0x7f91f73b74e0;
L_0x55f13c707b00 .functor MUXZ 8, L_0x7f91f73b7528, v0x55f13c6d91c0_0, L_0x55f13c5d1530, C4<>;
S_0x55f13c6d98b0 .scope generate, "genblk1[2]" "genblk1[2]" 16 28, 16 28 0, S_0x55f13c6853f0;
 .timescale 0 0;
P_0x55f13c6d9a60 .param/l "i" 1 16 28, +C4<010>;
S_0x55f13c6d9b20 .scope module, "registers" "GeneralRegister" 16 32, 17 5 0, S_0x55f13c6d98b0;
 .timescale 0 0;
    .port_info 0 /INPUT 1 "clk";
    .port_info 1 /INPUT 2 "clk_phase";
    .port_info 2 /INPUT 8 "bus_in";
    .port_info 3 /OUTPUT 8 "bus_out";
    .port_info 4 /INPUT 1 "read_en";
    .port_info 5 /INPUT 1 "write_en";
    .port_info 6 /INPUT 4 "read_sel";
    .port_info 7 /INPUT 4 "write_sel";
P_0x55f13c6d9d00 .param/l "POSITION" 0 17 6, +C4<00000000000000000000000000000010>;
L_0x55f13c7080f0 .functor AND 1, L_0x55f13c707d80, L_0x55f13c707fb0, C4<1>, C4<1>;
v0x55f13c6d9f00_0 .net *"_ivl_0", 31 0, L_0x55f13c707c90;  1 drivers
L_0x7f91f73b7600 .functor BUFT 1, C4<0000000000000000000000000000000>, C4<0>, C4<0>, C4<0>;
v0x55f13c6da000_0 .net *"_ivl_11", 30 0, L_0x7f91f73b7600;  1 drivers
L_0x7f91f73b7648 .functor BUFT 1, C4<00000000000000000000000000000001>, C4<0>, C4<0>, C4<0>;
v0x55f13c6da0e0_0 .net/2u *"_ivl_12", 31 0, L_0x7f91f73b7648;  1 drivers
v0x55f13c6da1a0_0 .net *"_ivl_14", 0 0, L_0x55f13c707fb0;  1 drivers
v0x55f13c6da260_0 .net *"_ivl_17", 0 0, L_0x55f13c7080f0;  1 drivers
L_0x7f91f73b7690 .functor BUFT 1, C4<00000000>, C4<0>, C4<0>, C4<0>;
v0x55f13c6da370_0 .net/2u *"_ivl_18", 7 0, L_0x7f91f73b7690;  1 drivers
L_0x7f91f73b7570 .functor BUFT 1, C4<0000000000000000000000000000>, C4<0>, C4<0>, C4<0>;
v0x55f13c6da450_0 .net *"_ivl_3", 27 0, L_0x7f91f73b7570;  1 drivers
L_0x7f91f73b75b8 .functor BUFT 1, C4<00000000000000000000000000000010>, C4<0>, C4<0>, C4<0>;
v0x55f13c6da530_0 .net/2u *"_ivl_4", 31 0, L_0x7f91f73b75b8;  1 drivers
v0x55f13c6da610_0 .net *"_ivl_6", 0 0, L_0x55f13c707d80;  1 drivers
v0x55f13c6da6d0_0 .net *"_ivl_8", 31 0, L_0x55f13c707ec0;  1 drivers
v0x55f13c6da7b0_0 .net "bus_in", 7 0, L_0x55f13c673af0;  alias, 1 drivers
v0x55f13c6da870_0 .net "bus_out", 7 0, L_0x55f13c708200;  alias, 1 drivers
v0x55f13c6da950_0 .net "clk", 0 0, v0x55f13c6f2c00_0;  alias, 1 drivers
v0x55f13c6da9f0_0 .net "clk_phase", 1 0, v0x55f13c6bfb80_0;  alias, 1 drivers
v0x55f13c6daab0_0 .var "content", 7 0;
v0x55f13c6dab90_0 .net "read_en", 0 0, L_0x55f13c720910;  alias, 1 drivers
v0x55f13c6dac30_0 .net "read_sel", 3 0, L_0x55f13c726aa0;  alias, 1 drivers
v0x55f13c6dae00_0 .net "write_en", 0 0, L_0x55f13c721d70;  alias, 1 drivers
v0x55f13c6daea0_0 .net "write_sel", 3 0, L_0x55f13c727110;  alias, 1 drivers
L_0x55f13c707c90 .concat [ 4 28 0 0], L_0x55f13c726aa0, L_0x7f91f73b7570;
L_0x55f13c707d80 .cmp/eq 32, L_0x55f13c707c90, L_0x7f91f73b75b8;
L_0x55f13c707ec0 .concat [ 1 31 0 0], L_0x55f13c720910, L_0x7f91f73b7600;
L_0x55f13c707fb0 .cmp/eq 32, L_0x55f13c707ec0, L_0x7f91f73b7648;
L_0x55f13c708200 .functor MUXZ 8, L_0x7f91f73b7690, v0x55f13c6daab0_0, L_0x55f13c7080f0, C4<>;
S_0x55f13c6db060 .scope generate, "genblk1[3]" "genblk1[3]" 16 28, 16 28 0, S_0x55f13c6853f0;
 .timescale 0 0;
P_0x55f13c6db210 .param/l "i" 1 16 28, +C4<011>;
S_0x55f13c6db2f0 .scope module, "registers" "GeneralRegister" 16 32, 17 5 0, S_0x55f13c6db060;
 .timescale 0 0;
    .port_info 0 /INPUT 1 "clk";
    .port_info 1 /INPUT 2 "clk_phase";
    .port_info 2 /INPUT 8 "bus_in";
    .port_info 3 /OUTPUT 8 "bus_out";
    .port_info 4 /INPUT 1 "read_en";
    .port_info 5 /INPUT 1 "write_en";
    .port_info 6 /INPUT 4 "read_sel";
    .port_info 7 /INPUT 4 "write_sel";
P_0x55f13c6db4d0 .param/l "POSITION" 0 17 6, +C4<00000000000000000000000000000011>;
L_0x55f13c7087f0 .functor AND 1, L_0x55f13c708480, L_0x55f13c7086b0, C4<1>, C4<1>;
v0x55f13c6db6d0_0 .net *"_ivl_0", 31 0, L_0x55f13c708390;  1 drivers
L_0x7f91f73b7768 .functor BUFT 1, C4<0000000000000000000000000000000>, C4<0>, C4<0>, C4<0>;
v0x55f13c6db7d0_0 .net *"_ivl_11", 30 0, L_0x7f91f73b7768;  1 drivers
L_0x7f91f73b77b0 .functor BUFT 1, C4<00000000000000000000000000000001>, C4<0>, C4<0>, C4<0>;
v0x55f13c6db8b0_0 .net/2u *"_ivl_12", 31 0, L_0x7f91f73b77b0;  1 drivers
v0x55f13c6db970_0 .net *"_ivl_14", 0 0, L_0x55f13c7086b0;  1 drivers
v0x55f13c6dba30_0 .net *"_ivl_17", 0 0, L_0x55f13c7087f0;  1 drivers
L_0x7f91f73b77f8 .functor BUFT 1, C4<00000000>, C4<0>, C4<0>, C4<0>;
v0x55f13c6dbb40_0 .net/2u *"_ivl_18", 7 0, L_0x7f91f73b77f8;  1 drivers
L_0x7f91f73b76d8 .functor BUFT 1, C4<0000000000000000000000000000>, C4<0>, C4<0>, C4<0>;
v0x55f13c6dbc20_0 .net *"_ivl_3", 27 0, L_0x7f91f73b76d8;  1 drivers
L_0x7f91f73b7720 .functor BUFT 1, C4<00000000000000000000000000000011>, C4<0>, C4<0>, C4<0>;
v0x55f13c6dbd00_0 .net/2u *"_ivl_4", 31 0, L_0x7f91f73b7720;  1 drivers
v0x55f13c6dbde0_0 .net *"_ivl_6", 0 0, L_0x55f13c708480;  1 drivers
v0x55f13c6dbea0_0 .net *"_ivl_8", 31 0, L_0x55f13c7085c0;  1 drivers
v0x55f13c6dbf80_0 .net "bus_in", 7 0, L_0x55f13c673af0;  alias, 1 drivers
v0x55f13c6dc040_0 .net "bus_out", 7 0, L_0x55f13c708900;  alias, 1 drivers
v0x55f13c6dc120_0 .net "clk", 0 0, v0x55f13c6f2c00_0;  alias, 1 drivers
v0x55f13c6dc1c0_0 .net "clk_phase", 1 0, v0x55f13c6bfb80_0;  alias, 1 drivers
v0x55f13c6dc490_0 .var "content", 7 0;
v0x55f13c6dc570_0 .net "read_en", 0 0, L_0x55f13c720910;  alias, 1 drivers
v0x55f13c6dc6a0_0 .net "read_sel", 3 0, L_0x55f13c726aa0;  alias, 1 drivers
v0x55f13c6dc760_0 .net "write_en", 0 0, L_0x55f13c721d70;  alias, 1 drivers
v0x55f13c6dc890_0 .net "write_sel", 3 0, L_0x55f13c727110;  alias, 1 drivers
L_0x55f13c708390 .concat [ 4 28 0 0], L_0x55f13c726aa0, L_0x7f91f73b76d8;
L_0x55f13c708480 .cmp/eq 32, L_0x55f13c708390, L_0x7f91f73b7720;
L_0x55f13c7085c0 .concat [ 1 31 0 0], L_0x55f13c720910, L_0x7f91f73b7768;
L_0x55f13c7086b0 .cmp/eq 32, L_0x55f13c7085c0, L_0x7f91f73b77b0;
L_0x55f13c708900 .functor MUXZ 8, L_0x7f91f73b77f8, v0x55f13c6dc490_0, L_0x55f13c7087f0, C4<>;
S_0x55f13c6dcae0 .scope generate, "genblk1[4]" "genblk1[4]" 16 28, 16 28 0, S_0x55f13c6853f0;
 .timescale 0 0;
P_0x55f13c6d9510 .param/l "i" 1 16 28, +C4<0100>;
S_0x55f13c6dccd0 .scope module, "registers" "GeneralRegister" 16 32, 17 5 0, S_0x55f13c6dcae0;
 .timescale 0 0;
    .port_info 0 /INPUT 1 "clk";
    .port_info 1 /INPUT 2 "clk_phase";
    .port_info 2 /INPUT 8 "bus_in";
    .port_info 3 /OUTPUT 8 "bus_out";
    .port_info 4 /INPUT 1 "read_en";
    .port_info 5 /INPUT 1 "write_en";
    .port_info 6 /INPUT 4 "read_sel";
    .port_info 7 /INPUT 4 "write_sel";
P_0x55f13c6dce60 .param/l "POSITION" 0 17 6, +C4<00000000000000000000000000000100>;
L_0x55f13c708ef0 .functor AND 1, L_0x55f13c708b80, L_0x55f13c708db0, C4<1>, C4<1>;
v0x55f13c6dcfe0_0 .net *"_ivl_0", 31 0, L_0x55f13c708a90;  1 drivers
L_0x7f91f73b78d0 .functor BUFT 1, C4<0000000000000000000000000000000>, C4<0>, C4<0>, C4<0>;
v0x55f13c6dd0e0_0 .net *"_ivl_11", 30 0, L_0x7f91f73b78d0;  1 drivers
L_0x7f91f73b7918 .functor BUFT 1, C4<00000000000000000000000000000001>, C4<0>, C4<0>, C4<0>;
v0x55f13c6dd1c0_0 .net/2u *"_ivl_12", 31 0, L_0x7f91f73b7918;  1 drivers
v0x55f13c6dd280_0 .net *"_ivl_14", 0 0, L_0x55f13c708db0;  1 drivers
v0x55f13c6dd340_0 .net *"_ivl_17", 0 0, L_0x55f13c708ef0;  1 drivers
L_0x7f91f73b7960 .functor BUFT 1, C4<00000000>, C4<0>, C4<0>, C4<0>;
v0x55f13c6dd450_0 .net/2u *"_ivl_18", 7 0, L_0x7f91f73b7960;  1 drivers
L_0x7f91f73b7840 .functor BUFT 1, C4<0000000000000000000000000000>, C4<0>, C4<0>, C4<0>;
v0x55f13c6dd530_0 .net *"_ivl_3", 27 0, L_0x7f91f73b7840;  1 drivers
L_0x7f91f73b7888 .functor BUFT 1, C4<00000000000000000000000000000100>, C4<0>, C4<0>, C4<0>;
v0x55f13c6dd610_0 .net/2u *"_ivl_4", 31 0, L_0x7f91f73b7888;  1 drivers
v0x55f13c6dd6f0_0 .net *"_ivl_6", 0 0, L_0x55f13c708b80;  1 drivers
v0x55f13c6dd7b0_0 .net *"_ivl_8", 31 0, L_0x55f13c708cc0;  1 drivers
v0x55f13c6dd890_0 .net "bus_in", 7 0, L_0x55f13c673af0;  alias, 1 drivers
v0x55f13c6dd950_0 .net "bus_out", 7 0, L_0x55f13c709000;  alias, 1 drivers
v0x55f13c6dda30_0 .net "clk", 0 0, v0x55f13c6f2c00_0;  alias, 1 drivers
v0x55f13c6ddad0_0 .net "clk_phase", 1 0, v0x55f13c6bfb80_0;  alias, 1 drivers
v0x55f13c6ddb90_0 .var "content", 7 0;
v0x55f13c6ddc70_0 .net "read_en", 0 0, L_0x55f13c720910;  alias, 1 drivers
v0x55f13c6ddd10_0 .net "read_sel", 3 0, L_0x55f13c726aa0;  alias, 1 drivers
v0x55f13c6ddee0_0 .net "write_en", 0 0, L_0x55f13c721d70;  alias, 1 drivers
v0x55f13c6ddf80_0 .net "write_sel", 3 0, L_0x55f13c727110;  alias, 1 drivers
L_0x55f13c708a90 .concat [ 4 28 0 0], L_0x55f13c726aa0, L_0x7f91f73b7840;
L_0x55f13c708b80 .cmp/eq 32, L_0x55f13c708a90, L_0x7f91f73b7888;
L_0x55f13c708cc0 .concat [ 1 31 0 0], L_0x55f13c720910, L_0x7f91f73b78d0;
L_0x55f13c708db0 .cmp/eq 32, L_0x55f13c708cc0, L_0x7f91f73b7918;
L_0x55f13c709000 .functor MUXZ 8, L_0x7f91f73b7960, v0x55f13c6ddb90_0, L_0x55f13c708ef0, C4<>;
S_0x55f13c6de140 .scope generate, "genblk1[5]" "genblk1[5]" 16 28, 16 28 0, S_0x55f13c6853f0;
 .timescale 0 0;
P_0x55f13c6de2f0 .param/l "i" 1 16 28, +C4<0101>;
S_0x55f13c6de3d0 .scope module, "registers" "GeneralRegister" 16 32, 17 5 0, S_0x55f13c6de140;
 .timescale 0 0;
    .port_info 0 /INPUT 1 "clk";
    .port_info 1 /INPUT 2 "clk_phase";
    .port_info 2 /INPUT 8 "bus_in";
    .port_info 3 /OUTPUT 8 "bus_out";
    .port_info 4 /INPUT 1 "read_en";
    .port_info 5 /INPUT 1 "write_en";
    .port_info 6 /INPUT 4 "read_sel";
    .port_info 7 /INPUT 4 "write_sel";
P_0x55f13c6de5b0 .param/l "POSITION" 0 17 6, +C4<00000000000000000000000000000101>;
L_0x55f13c7095f0 .functor AND 1, L_0x55f13c709280, L_0x55f13c7094b0, C4<1>, C4<1>;
v0x55f13c6de7b0_0 .net *"_ivl_0", 31 0, L_0x55f13c709190;  1 drivers
L_0x7f91f73b7a38 .functor BUFT 1, C4<0000000000000000000000000000000>, C4<0>, C4<0>, C4<0>;
v0x55f13c6de8b0_0 .net *"_ivl_11", 30 0, L_0x7f91f73b7a38;  1 drivers
L_0x7f91f73b7a80 .functor BUFT 1, C4<00000000000000000000000000000001>, C4<0>, C4<0>, C4<0>;
v0x55f13c6de990_0 .net/2u *"_ivl_12", 31 0, L_0x7f91f73b7a80;  1 drivers
v0x55f13c6dea50_0 .net *"_ivl_14", 0 0, L_0x55f13c7094b0;  1 drivers
v0x55f13c6deb10_0 .net *"_ivl_17", 0 0, L_0x55f13c7095f0;  1 drivers
L_0x7f91f73b7ac8 .functor BUFT 1, C4<00000000>, C4<0>, C4<0>, C4<0>;
v0x55f13c6dec20_0 .net/2u *"_ivl_18", 7 0, L_0x7f91f73b7ac8;  1 drivers
L_0x7f91f73b79a8 .functor BUFT 1, C4<0000000000000000000000000000>, C4<0>, C4<0>, C4<0>;
v0x55f13c6ded00_0 .net *"_ivl_3", 27 0, L_0x7f91f73b79a8;  1 drivers
L_0x7f91f73b79f0 .functor BUFT 1, C4<00000000000000000000000000000101>, C4<0>, C4<0>, C4<0>;
v0x55f13c6dede0_0 .net/2u *"_ivl_4", 31 0, L_0x7f91f73b79f0;  1 drivers
v0x55f13c6deec0_0 .net *"_ivl_6", 0 0, L_0x55f13c709280;  1 drivers
v0x55f13c6def80_0 .net *"_ivl_8", 31 0, L_0x55f13c7093c0;  1 drivers
v0x55f13c6df060_0 .net "bus_in", 7 0, L_0x55f13c673af0;  alias, 1 drivers
v0x55f13c6df120_0 .net "bus_out", 7 0, L_0x55f13c709700;  alias, 1 drivers
v0x55f13c6df200_0 .net "clk", 0 0, v0x55f13c6f2c00_0;  alias, 1 drivers
v0x55f13c6df2a0_0 .net "clk_phase", 1 0, v0x55f13c6bfb80_0;  alias, 1 drivers
v0x55f13c6df360_0 .var "content", 7 0;
v0x55f13c6df440_0 .net "read_en", 0 0, L_0x55f13c720910;  alias, 1 drivers
v0x55f13c6df4e0_0 .net "read_sel", 3 0, L_0x55f13c726aa0;  alias, 1 drivers
v0x55f13c6df6b0_0 .net "write_en", 0 0, L_0x55f13c721d70;  alias, 1 drivers
v0x55f13c6df750_0 .net "write_sel", 3 0, L_0x55f13c727110;  alias, 1 drivers
L_0x55f13c709190 .concat [ 4 28 0 0], L_0x55f13c726aa0, L_0x7f91f73b79a8;
L_0x55f13c709280 .cmp/eq 32, L_0x55f13c709190, L_0x7f91f73b79f0;
L_0x55f13c7093c0 .concat [ 1 31 0 0], L_0x55f13c720910, L_0x7f91f73b7a38;
L_0x55f13c7094b0 .cmp/eq 32, L_0x55f13c7093c0, L_0x7f91f73b7a80;
L_0x55f13c709700 .functor MUXZ 8, L_0x7f91f73b7ac8, v0x55f13c6df360_0, L_0x55f13c7095f0, C4<>;
S_0x55f13c6df910 .scope generate, "genblk1[6]" "genblk1[6]" 16 28, 16 28 0, S_0x55f13c6853f0;
 .timescale 0 0;
P_0x55f13c6dfac0 .param/l "i" 1 16 28, +C4<0110>;
S_0x55f13c6dfba0 .scope module, "registers" "GeneralRegister" 16 32, 17 5 0, S_0x55f13c6df910;
 .timescale 0 0;
    .port_info 0 /INPUT 1 "clk";
    .port_info 1 /INPUT 2 "clk_phase";
    .port_info 2 /INPUT 8 "bus_in";
    .port_info 3 /OUTPUT 8 "bus_out";
    .port_info 4 /INPUT 1 "read_en";
    .port_info 5 /INPUT 1 "write_en";
    .port_info 6 /INPUT 4 "read_sel";
    .port_info 7 /INPUT 4 "write_sel";
P_0x55f13c6dfd80 .param/l "POSITION" 0 17 6, +C4<00000000000000000000000000000110>;
L_0x55f13c709d20 .functor AND 1, L_0x55f13c709980, L_0x55f13c709bb0, C4<1>, C4<1>;
v0x55f13c6dff80_0 .net *"_ivl_0", 31 0, L_0x55f13c709890;  1 drivers
L_0x7f91f73b7ba0 .functor BUFT 1, C4<0000000000000000000000000000000>, C4<0>, C4<0>, C4<0>;
v0x55f13c6e0080_0 .net *"_ivl_11", 30 0, L_0x7f91f73b7ba0;  1 drivers
L_0x7f91f73b7be8 .functor BUFT 1, C4<00000000000000000000000000000001>, C4<0>, C4<0>, C4<0>;
v0x55f13c6e0160_0 .net/2u *"_ivl_12", 31 0, L_0x7f91f73b7be8;  1 drivers
v0x55f13c6e0250_0 .net *"_ivl_14", 0 0, L_0x55f13c709bb0;  1 drivers
v0x55f13c6e0310_0 .net *"_ivl_17", 0 0, L_0x55f13c709d20;  1 drivers
L_0x7f91f73b7c30 .functor BUFT 1, C4<00000000>, C4<0>, C4<0>, C4<0>;
v0x55f13c6e0420_0 .net/2u *"_ivl_18", 7 0, L_0x7f91f73b7c30;  1 drivers
L_0x7f91f73b7b10 .functor BUFT 1, C4<0000000000000000000000000000>, C4<0>, C4<0>, C4<0>;
v0x55f13c6e0500_0 .net *"_ivl_3", 27 0, L_0x7f91f73b7b10;  1 drivers
L_0x7f91f73b7b58 .functor BUFT 1, C4<00000000000000000000000000000110>, C4<0>, C4<0>, C4<0>;
v0x55f13c6e05e0_0 .net/2u *"_ivl_4", 31 0, L_0x7f91f73b7b58;  1 drivers
v0x55f13c6e06c0_0 .net *"_ivl_6", 0 0, L_0x55f13c709980;  1 drivers
v0x55f13c6e0780_0 .net *"_ivl_8", 31 0, L_0x55f13c709ac0;  1 drivers
v0x55f13c6e0860_0 .net "bus_in", 7 0, L_0x55f13c673af0;  alias, 1 drivers
v0x55f13c6e0b30_0 .net "bus_out", 7 0, L_0x55f13c709e30;  alias, 1 drivers
v0x55f13c6e0c10_0 .net "clk", 0 0, v0x55f13c6f2c00_0;  alias, 1 drivers
v0x55f13c6e0cb0_0 .net "clk_phase", 1 0, v0x55f13c6bfb80_0;  alias, 1 drivers
v0x55f13c6e0d70_0 .var "content", 7 0;
v0x55f13c6e0e50_0 .net "read_en", 0 0, L_0x55f13c720910;  alias, 1 drivers
v0x55f13c6e0ef0_0 .net "read_sel", 3 0, L_0x55f13c726aa0;  alias, 1 drivers
v0x55f13c6e0fb0_0 .net "write_en", 0 0, L_0x55f13c721d70;  alias, 1 drivers
v0x55f13c6e1050_0 .net "write_sel", 3 0, L_0x55f13c727110;  alias, 1 drivers
L_0x55f13c709890 .concat [ 4 28 0 0], L_0x55f13c726aa0, L_0x7f91f73b7b10;
L_0x55f13c709980 .cmp/eq 32, L_0x55f13c709890, L_0x7f91f73b7b58;
L_0x55f13c709ac0 .concat [ 1 31 0 0], L_0x55f13c720910, L_0x7f91f73b7ba0;
L_0x55f13c709bb0 .cmp/eq 32, L_0x55f13c709ac0, L_0x7f91f73b7be8;
L_0x55f13c709e30 .functor MUXZ 8, L_0x7f91f73b7c30, v0x55f13c6e0d70_0, L_0x55f13c709d20, C4<>;
S_0x55f13c6e1210 .scope generate, "genblk1[7]" "genblk1[7]" 16 28, 16 28 0, S_0x55f13c6853f0;
 .timescale 0 0;
P_0x55f13c6e13c0 .param/l "i" 1 16 28, +C4<0111>;
S_0x55f13c6e14a0 .scope module, "registers" "GeneralRegister" 16 32, 17 5 0, S_0x55f13c6e1210;
 .timescale 0 0;
    .port_info 0 /INPUT 1 "clk";
    .port_info 1 /INPUT 2 "clk_phase";
    .port_info 2 /INPUT 8 "bus_in";
    .port_info 3 /OUTPUT 8 "bus_out";
    .port_info 4 /INPUT 1 "read_en";
    .port_info 5 /INPUT 1 "write_en";
    .port_info 6 /INPUT 4 "read_sel";
    .port_info 7 /INPUT 4 "write_sel";
P_0x55f13c6e1680 .param/l "POSITION" 0 17 6, +C4<00000000000000000000000000000111>;
L_0x55f13c70a450 .functor AND 1, L_0x55f13c70a0b0, L_0x55f13c70a2e0, C4<1>, C4<1>;
v0x55f13c6e1880_0 .net *"_ivl_0", 31 0, L_0x55f13c709fc0;  1 drivers
L_0x7f91f73b7d08 .functor BUFT 1, C4<0000000000000000000000000000000>, C4<0>, C4<0>, C4<0>;
v0x55f13c6e1980_0 .net *"_ivl_11", 30 0, L_0x7f91f73b7d08;  1 drivers
L_0x7f91f73b7d50 .functor BUFT 1, C4<00000000000000000000000000000001>, C4<0>, C4<0>, C4<0>;
v0x55f13c6e1a60_0 .net/2u *"_ivl_12", 31 0, L_0x7f91f73b7d50;  1 drivers
v0x55f13c6e1b50_0 .net *"_ivl_14", 0 0, L_0x55f13c70a2e0;  1 drivers
v0x55f13c6e1c10_0 .net *"_ivl_17", 0 0, L_0x55f13c70a450;  1 drivers
L_0x7f91f73b7d98 .functor BUFT 1, C4<00000000>, C4<0>, C4<0>, C4<0>;
v0x55f13c6e1d20_0 .net/2u *"_ivl_18", 7 0, L_0x7f91f73b7d98;  1 drivers
L_0x7f91f73b7c78 .functor BUFT 1, C4<0000000000000000000000000000>, C4<0>, C4<0>, C4<0>;
v0x55f13c6e1e00_0 .net *"_ivl_3", 27 0, L_0x7f91f73b7c78;  1 drivers
L_0x7f91f73b7cc0 .functor BUFT 1, C4<00000000000000000000000000000111>, C4<0>, C4<0>, C4<0>;
v0x55f13c6e1ee0_0 .net/2u *"_ivl_4", 31 0, L_0x7f91f73b7cc0;  1 drivers
v0x55f13c6e1fc0_0 .net *"_ivl_6", 0 0, L_0x55f13c70a0b0;  1 drivers
v0x55f13c6e2080_0 .net *"_ivl_8", 31 0, L_0x55f13c70a1f0;  1 drivers
v0x55f13c6e2160_0 .net "bus_in", 7 0, L_0x55f13c673af0;  alias, 1 drivers
v0x55f13c6e2220_0 .net "bus_out", 7 0, L_0x55f13c70a560;  alias, 1 drivers
v0x55f13c6e2300_0 .net "clk", 0 0, v0x55f13c6f2c00_0;  alias, 1 drivers
v0x55f13c6e23a0_0 .net "clk_phase", 1 0, v0x55f13c6bfb80_0;  alias, 1 drivers
v0x55f13c6e2460_0 .var "content", 7 0;
v0x55f13c6e2540_0 .net "read_en", 0 0, L_0x55f13c720910;  alias, 1 drivers
v0x55f13c6e26f0_0 .net "read_sel", 3 0, L_0x55f13c726aa0;  alias, 1 drivers
v0x55f13c6e29d0_0 .net "write_en", 0 0, L_0x55f13c721d70;  alias, 1 drivers
v0x55f13c6e2b80_0 .net "write_sel", 3 0, L_0x55f13c727110;  alias, 1 drivers
L_0x55f13c709fc0 .concat [ 4 28 0 0], L_0x55f13c726aa0, L_0x7f91f73b7c78;
L_0x55f13c70a0b0 .cmp/eq 32, L_0x55f13c709fc0, L_0x7f91f73b7cc0;
L_0x55f13c70a1f0 .concat [ 1 31 0 0], L_0x55f13c720910, L_0x7f91f73b7d08;
L_0x55f13c70a2e0 .cmp/eq 32, L_0x55f13c70a1f0, L_0x7f91f73b7d50;
L_0x55f13c70a560 .functor MUXZ 8, L_0x7f91f73b7d98, v0x55f13c6e2460_0, L_0x55f13c70a450, C4<>;
S_0x55f13c6e2e50 .scope generate, "genblk1[8]" "genblk1[8]" 16 28, 16 28 0, S_0x55f13c6853f0;
 .timescale 0 0;
P_0x55f13c6d9600 .param/l "i" 1 16 28, +C4<01000>;
S_0x55f13c6e3090 .scope module, "registers" "GeneralRegister" 16 32, 17 5 0, S_0x55f13c6e2e50;
 .timescale 0 0;
    .port_info 0 /INPUT 1 "clk";
    .port_info 1 /INPUT 2 "clk_phase";
    .port_info 2 /INPUT 8 "bus_in";
    .port_info 3 /OUTPUT 8 "bus_out";
    .port_info 4 /INPUT 1 "read_en";
    .port_info 5 /INPUT 1 "write_en";
    .port_info 6 /INPUT 4 "read_sel";
    .port_info 7 /INPUT 4 "write_sel";
P_0x55f13c6e3270 .param/l "POSITION" 0 17 6, +C4<00000000000000000000000000001000>;
L_0x55f13c70ab80 .functor AND 1, L_0x55f13c70a7e0, L_0x55f13c70aa10, C4<1>, C4<1>;
v0x55f13c6e3470_0 .net *"_ivl_0", 31 0, L_0x55f13c70a6f0;  1 drivers
L_0x7f91f73b7e70 .functor BUFT 1, C4<0000000000000000000000000000000>, C4<0>, C4<0>, C4<0>;
v0x55f13c6e3570_0 .net *"_ivl_11", 30 0, L_0x7f91f73b7e70;  1 drivers
L_0x7f91f73b7eb8 .functor BUFT 1, C4<00000000000000000000000000000001>, C4<0>, C4<0>, C4<0>;
v0x55f13c6e3650_0 .net/2u *"_ivl_12", 31 0, L_0x7f91f73b7eb8;  1 drivers
v0x55f13c6e3740_0 .net *"_ivl_14", 0 0, L_0x55f13c70aa10;  1 drivers
v0x55f13c6e3800_0 .net *"_ivl_17", 0 0, L_0x55f13c70ab80;  1 drivers
L_0x7f91f73b7f00 .functor BUFT 1, C4<00000000>, C4<0>, C4<0>, C4<0>;
v0x55f13c6e3910_0 .net/2u *"_ivl_18", 7 0, L_0x7f91f73b7f00;  1 drivers
L_0x7f91f73b7de0 .functor BUFT 1, C4<0000000000000000000000000000>, C4<0>, C4<0>, C4<0>;
v0x55f13c6e39f0_0 .net *"_ivl_3", 27 0, L_0x7f91f73b7de0;  1 drivers
L_0x7f91f73b7e28 .functor BUFT 1, C4<00000000000000000000000000001000>, C4<0>, C4<0>, C4<0>;
v0x55f13c6e3ad0_0 .net/2u *"_ivl_4", 31 0, L_0x7f91f73b7e28;  1 drivers
v0x55f13c6e3bb0_0 .net *"_ivl_6", 0 0, L_0x55f13c70a7e0;  1 drivers
v0x55f13c6e3c70_0 .net *"_ivl_8", 31 0, L_0x55f13c70a920;  1 drivers
v0x55f13c6e3d50_0 .net "bus_in", 7 0, L_0x55f13c673af0;  alias, 1 drivers
v0x55f13c6e3e10_0 .net "bus_out", 7 0, L_0x55f13c70ac90;  alias, 1 drivers
v0x55f13c6e3ef0_0 .net "clk", 0 0, v0x55f13c6f2c00_0;  alias, 1 drivers
v0x55f13c6e3f90_0 .net "clk_phase", 1 0, v0x55f13c6bfb80_0;  alias, 1 drivers
v0x55f13c6e4050_0 .var "content", 7 0;
v0x55f13c6e4130_0 .net "read_en", 0 0, L_0x55f13c720910;  alias, 1 drivers
v0x55f13c6e41d0_0 .net "read_sel", 3 0, L_0x55f13c726aa0;  alias, 1 drivers
v0x55f13c6e43a0_0 .net "write_en", 0 0, L_0x55f13c721d70;  alias, 1 drivers
v0x55f13c6e4440_0 .net "write_sel", 3 0, L_0x55f13c727110;  alias, 1 drivers
L_0x55f13c70a6f0 .concat [ 4 28 0 0], L_0x55f13c726aa0, L_0x7f91f73b7de0;
L_0x55f13c70a7e0 .cmp/eq 32, L_0x55f13c70a6f0, L_0x7f91f73b7e28;
L_0x55f13c70a920 .concat [ 1 31 0 0], L_0x55f13c720910, L_0x7f91f73b7e70;
L_0x55f13c70aa10 .cmp/eq 32, L_0x55f13c70a920, L_0x7f91f73b7eb8;
L_0x55f13c70ac90 .functor MUXZ 8, L_0x7f91f73b7f00, v0x55f13c6e4050_0, L_0x55f13c70ab80, C4<>;
S_0x55f13c6e4600 .scope generate, "genblk1[9]" "genblk1[9]" 16 28, 16 28 0, S_0x55f13c6853f0;
 .timescale 0 0;
P_0x55f13c6e47b0 .param/l "i" 1 16 28, +C4<01001>;
S_0x55f13c6e4890 .scope module, "registers" "GeneralRegister" 16 32, 17 5 0, S_0x55f13c6e4600;
 .timescale 0 0;
    .port_info 0 /INPUT 1 "clk";
    .port_info 1 /INPUT 2 "clk_phase";
    .port_info 2 /INPUT 8 "bus_in";
    .port_info 3 /OUTPUT 8 "bus_out";
    .port_info 4 /INPUT 1 "read_en";
    .port_info 5 /INPUT 1 "write_en";
    .port_info 6 /INPUT 4 "read_sel";
    .port_info 7 /INPUT 4 "write_sel";
P_0x55f13c6e4a70 .param/l "POSITION" 0 17 6, +C4<00000000000000000000000000001001>;
L_0x55f13c70b2b0 .functor AND 1, L_0x55f13c70af10, L_0x55f13c70b140, C4<1>, C4<1>;
v0x55f13c6e4c70_0 .net *"_ivl_0", 31 0, L_0x55f13c70ae20;  1 drivers
L_0x7f91f73b7fd8 .functor BUFT 1, C4<0000000000000000000000000000000>, C4<0>, C4<0>, C4<0>;
v0x55f13c6e4d70_0 .net *"_ivl_11", 30 0, L_0x7f91f73b7fd8;  1 drivers
L_0x7f91f73b8020 .functor BUFT 1, C4<00000000000000000000000000000001>, C4<0>, C4<0>, C4<0>;
v0x55f13c6e4e50_0 .net/2u *"_ivl_12", 31 0, L_0x7f91f73b8020;  1 drivers
v0x55f13c6e4f40_0 .net *"_ivl_14", 0 0, L_0x55f13c70b140;  1 drivers
v0x55f13c6e5000_0 .net *"_ivl_17", 0 0, L_0x55f13c70b2b0;  1 drivers
L_0x7f91f73b8068 .functor BUFT 1, C4<00000000>, C4<0>, C4<0>, C4<0>;
v0x55f13c6e5110_0 .net/2u *"_ivl_18", 7 0, L_0x7f91f73b8068;  1 drivers
L_0x7f91f73b7f48 .functor BUFT 1, C4<0000000000000000000000000000>, C4<0>, C4<0>, C4<0>;
v0x55f13c6e51f0_0 .net *"_ivl_3", 27 0, L_0x7f91f73b7f48;  1 drivers
L_0x7f91f73b7f90 .functor BUFT 1, C4<00000000000000000000000000001001>, C4<0>, C4<0>, C4<0>;
v0x55f13c6e52d0_0 .net/2u *"_ivl_4", 31 0, L_0x7f91f73b7f90;  1 drivers
v0x55f13c6e53b0_0 .net *"_ivl_6", 0 0, L_0x55f13c70af10;  1 drivers
v0x55f13c6e5470_0 .net *"_ivl_8", 31 0, L_0x55f13c70b050;  1 drivers
v0x55f13c6e5550_0 .net "bus_in", 7 0, L_0x55f13c673af0;  alias, 1 drivers
v0x55f13c6e5610_0 .net "bus_out", 7 0, L_0x55f13c70b3c0;  alias, 1 drivers
v0x55f13c6e56f0_0 .net "clk", 0 0, v0x55f13c6f2c00_0;  alias, 1 drivers
v0x55f13c6e5790_0 .net "clk_phase", 1 0, v0x55f13c6bfb80_0;  alias, 1 drivers
v0x55f13c6e5850_0 .var "content", 7 0;
v0x55f13c6e5930_0 .net "read_en", 0 0, L_0x55f13c720910;  alias, 1 drivers
v0x55f13c6e59d0_0 .net "read_sel", 3 0, L_0x55f13c726aa0;  alias, 1 drivers
v0x55f13c6e5ba0_0 .net "write_en", 0 0, L_0x55f13c721d70;  alias, 1 drivers
v0x55f13c6e5c40_0 .net "write_sel", 3 0, L_0x55f13c727110;  alias, 1 drivers
L_0x55f13c70ae20 .concat [ 4 28 0 0], L_0x55f13c726aa0, L_0x7f91f73b7f48;
L_0x55f13c70af10 .cmp/eq 32, L_0x55f13c70ae20, L_0x7f91f73b7f90;
L_0x55f13c70b050 .concat [ 1 31 0 0], L_0x55f13c720910, L_0x7f91f73b7fd8;
L_0x55f13c70b140 .cmp/eq 32, L_0x55f13c70b050, L_0x7f91f73b8020;
L_0x55f13c70b3c0 .functor MUXZ 8, L_0x7f91f73b8068, v0x55f13c6e5850_0, L_0x55f13c70b2b0, C4<>;
S_0x55f13c6e5e00 .scope generate, "genblk1[10]" "genblk1[10]" 16 28, 16 28 0, S_0x55f13c6853f0;
 .timescale 0 0;
P_0x55f13c6e5fb0 .param/l "i" 1 16 28, +C4<01010>;
S_0x55f13c6e6090 .scope module, "registers" "GeneralRegister" 16 32, 17 5 0, S_0x55f13c6e5e00;
 .timescale 0 0;
    .port_info 0 /INPUT 1 "clk";
    .port_info 1 /INPUT 2 "clk_phase";
    .port_info 2 /INPUT 8 "bus_in";
    .port_info 3 /OUTPUT 8 "bus_out";
    .port_info 4 /INPUT 1 "read_en";
    .port_info 5 /INPUT 1 "write_en";
    .port_info 6 /INPUT 4 "read_sel";
    .port_info 7 /INPUT 4 "write_sel";
P_0x55f13c6e6270 .param/l "POSITION" 0 17 6, +C4<00000000000000000000000000001010>;
L_0x55f13c70b9e0 .functor AND 1, L_0x55f13c70b640, L_0x55f13c70b870, C4<1>, C4<1>;
v0x55f13c6e6470_0 .net *"_ivl_0", 31 0, L_0x55f13c70b550;  1 drivers
L_0x7f91f73b8140 .functor BUFT 1, C4<0000000000000000000000000000000>, C4<0>, C4<0>, C4<0>;
v0x55f13c6e6570_0 .net *"_ivl_11", 30 0, L_0x7f91f73b8140;  1 drivers
L_0x7f91f73b8188 .functor BUFT 1, C4<00000000000000000000000000000001>, C4<0>, C4<0>, C4<0>;
v0x55f13c6e6650_0 .net/2u *"_ivl_12", 31 0, L_0x7f91f73b8188;  1 drivers
v0x55f13c6e6740_0 .net *"_ivl_14", 0 0, L_0x55f13c70b870;  1 drivers
v0x55f13c6e6800_0 .net *"_ivl_17", 0 0, L_0x55f13c70b9e0;  1 drivers
L_0x7f91f73b81d0 .functor BUFT 1, C4<00000000>, C4<0>, C4<0>, C4<0>;
v0x55f13c6e6910_0 .net/2u *"_ivl_18", 7 0, L_0x7f91f73b81d0;  1 drivers
L_0x7f91f73b80b0 .functor BUFT 1, C4<0000000000000000000000000000>, C4<0>, C4<0>, C4<0>;
v0x55f13c6e69f0_0 .net *"_ivl_3", 27 0, L_0x7f91f73b80b0;  1 drivers
L_0x7f91f73b80f8 .functor BUFT 1, C4<00000000000000000000000000001010>, C4<0>, C4<0>, C4<0>;
v0x55f13c6e6ad0_0 .net/2u *"_ivl_4", 31 0, L_0x7f91f73b80f8;  1 drivers
v0x55f13c6e6bb0_0 .net *"_ivl_6", 0 0, L_0x55f13c70b640;  1 drivers
v0x55f13c6e6c70_0 .net *"_ivl_8", 31 0, L_0x55f13c70b780;  1 drivers
v0x55f13c6e6d50_0 .net "bus_in", 7 0, L_0x55f13c673af0;  alias, 1 drivers
v0x55f13c6e6e10_0 .net "bus_out", 7 0, L_0x55f13c70baf0;  alias, 1 drivers
v0x55f13c6e6ef0_0 .net "clk", 0 0, v0x55f13c6f2c00_0;  alias, 1 drivers
v0x55f13c6e6f90_0 .net "clk_phase", 1 0, v0x55f13c6bfb80_0;  alias, 1 drivers
v0x55f13c6e7050_0 .var "content", 7 0;
v0x55f13c6e7130_0 .net "read_en", 0 0, L_0x55f13c720910;  alias, 1 drivers
v0x55f13c6e71d0_0 .net "read_sel", 3 0, L_0x55f13c726aa0;  alias, 1 drivers
v0x55f13c6e73a0_0 .net "write_en", 0 0, L_0x55f13c721d70;  alias, 1 drivers
v0x55f13c6e7440_0 .net "write_sel", 3 0, L_0x55f13c727110;  alias, 1 drivers
L_0x55f13c70b550 .concat [ 4 28 0 0], L_0x55f13c726aa0, L_0x7f91f73b80b0;
L_0x55f13c70b640 .cmp/eq 32, L_0x55f13c70b550, L_0x7f91f73b80f8;
L_0x55f13c70b780 .concat [ 1 31 0 0], L_0x55f13c720910, L_0x7f91f73b8140;
L_0x55f13c70b870 .cmp/eq 32, L_0x55f13c70b780, L_0x7f91f73b8188;
L_0x55f13c70baf0 .functor MUXZ 8, L_0x7f91f73b81d0, v0x55f13c6e7050_0, L_0x55f13c70b9e0, C4<>;
S_0x55f13c6e7600 .scope generate, "genblk1[11]" "genblk1[11]" 16 28, 16 28 0, S_0x55f13c6853f0;
 .timescale 0 0;
P_0x55f13c6e77b0 .param/l "i" 1 16 28, +C4<01011>;
S_0x55f13c6e7890 .scope module, "registers" "GeneralRegister" 16 32, 17 5 0, S_0x55f13c6e7600;
 .timescale 0 0;
    .port_info 0 /INPUT 1 "clk";
    .port_info 1 /INPUT 2 "clk_phase";
    .port_info 2 /INPUT 8 "bus_in";
    .port_info 3 /OUTPUT 8 "bus_out";
    .port_info 4 /INPUT 1 "read_en";
    .port_info 5 /INPUT 1 "write_en";
    .port_info 6 /INPUT 4 "read_sel";
    .port_info 7 /INPUT 4 "write_sel";
P_0x55f13c6e7a70 .param/l "POSITION" 0 17 6, +C4<00000000000000000000000000001011>;
L_0x55f13c70c520 .functor AND 1, L_0x55f13c70c180, L_0x55f13c70c3b0, C4<1>, C4<1>;
v0x55f13c6e7c70_0 .net *"_ivl_0", 31 0, L_0x55f13c70bc80;  1 drivers
L_0x7f91f73b82a8 .functor BUFT 1, C4<0000000000000000000000000000000>, C4<0>, C4<0>, C4<0>;
v0x55f13c6e7d70_0 .net *"_ivl_11", 30 0, L_0x7f91f73b82a8;  1 drivers
L_0x7f91f73b82f0 .functor BUFT 1, C4<00000000000000000000000000000001>, C4<0>, C4<0>, C4<0>;
v0x55f13c6e7e50_0 .net/2u *"_ivl_12", 31 0, L_0x7f91f73b82f0;  1 drivers
v0x55f13c6e7f40_0 .net *"_ivl_14", 0 0, L_0x55f13c70c3b0;  1 drivers
v0x55f13c6e8000_0 .net *"_ivl_17", 0 0, L_0x55f13c70c520;  1 drivers
L_0x7f91f73b8338 .functor BUFT 1, C4<00000000>, C4<0>, C4<0>, C4<0>;
v0x55f13c6e8110_0 .net/2u *"_ivl_18", 7 0, L_0x7f91f73b8338;  1 drivers
L_0x7f91f73b8218 .functor BUFT 1, C4<0000000000000000000000000000>, C4<0>, C4<0>, C4<0>;
v0x55f13c6e81f0_0 .net *"_ivl_3", 27 0, L_0x7f91f73b8218;  1 drivers
L_0x7f91f73b8260 .functor BUFT 1, C4<00000000000000000000000000001011>, C4<0>, C4<0>, C4<0>;
v0x55f13c6e82d0_0 .net/2u *"_ivl_4", 31 0, L_0x7f91f73b8260;  1 drivers
v0x55f13c6e83b0_0 .net *"_ivl_6", 0 0, L_0x55f13c70c180;  1 drivers
v0x55f13c6e8470_0 .net *"_ivl_8", 31 0, L_0x55f13c70c2c0;  1 drivers
v0x55f13c6e8550_0 .net "bus_in", 7 0, L_0x55f13c673af0;  alias, 1 drivers
v0x55f13c6e8610_0 .net "bus_out", 7 0, L_0x55f13c70c630;  alias, 1 drivers
v0x55f13c6e86f0_0 .net "clk", 0 0, v0x55f13c6f2c00_0;  alias, 1 drivers
v0x55f13c6e8790_0 .net "clk_phase", 1 0, v0x55f13c6bfb80_0;  alias, 1 drivers
v0x55f13c6e8850_0 .var "content", 7 0;
v0x55f13c6e8930_0 .net "read_en", 0 0, L_0x55f13c720910;  alias, 1 drivers
v0x55f13c6e89d0_0 .net "read_sel", 3 0, L_0x55f13c726aa0;  alias, 1 drivers
v0x55f13c6e8ba0_0 .net "write_en", 0 0, L_0x55f13c721d70;  alias, 1 drivers
v0x55f13c6e8c40_0 .net "write_sel", 3 0, L_0x55f13c727110;  alias, 1 drivers
L_0x55f13c70bc80 .concat [ 4 28 0 0], L_0x55f13c726aa0, L_0x7f91f73b8218;
L_0x55f13c70c180 .cmp/eq 32, L_0x55f13c70bc80, L_0x7f91f73b8260;
L_0x55f13c70c2c0 .concat [ 1 31 0 0], L_0x55f13c720910, L_0x7f91f73b82a8;
L_0x55f13c70c3b0 .cmp/eq 32, L_0x55f13c70c2c0, L_0x7f91f73b82f0;
L_0x55f13c70c630 .functor MUXZ 8, L_0x7f91f73b8338, v0x55f13c6e8850_0, L_0x55f13c70c520, C4<>;
S_0x55f13c6e8e00 .scope generate, "genblk1[12]" "genblk1[12]" 16 28, 16 28 0, S_0x55f13c6853f0;
 .timescale 0 0;
P_0x55f13c6e8fb0 .param/l "i" 1 16 28, +C4<01100>;
S_0x55f13c6e9090 .scope module, "registers" "GeneralRegister" 16 32, 17 5 0, S_0x55f13c6e8e00;
 .timescale 0 0;
    .port_info 0 /INPUT 1 "clk";
    .port_info 1 /INPUT 2 "clk_phase";
    .port_info 2 /INPUT 8 "bus_in";
    .port_info 3 /OUTPUT 8 "bus_out";
    .port_info 4 /INPUT 1 "read_en";
    .port_info 5 /INPUT 1 "write_en";
    .port_info 6 /INPUT 4 "read_sel";
    .port_info 7 /INPUT 4 "write_sel";
P_0x55f13c6e9270 .param/l "POSITION" 0 17 6, +C4<00000000000000000000000000001100>;
L_0x55f13c70cc50 .functor AND 1, L_0x55f13c70c8b0, L_0x55f13c70cae0, C4<1>, C4<1>;
v0x55f13c6e9470_0 .net *"_ivl_0", 31 0, L_0x55f13c70c7c0;  1 drivers
L_0x7f91f73b8410 .functor BUFT 1, C4<0000000000000000000000000000000>, C4<0>, C4<0>, C4<0>;
v0x55f13c6e9570_0 .net *"_ivl_11", 30 0, L_0x7f91f73b8410;  1 drivers
L_0x7f91f73b8458 .functor BUFT 1, C4<00000000000000000000000000000001>, C4<0>, C4<0>, C4<0>;
v0x55f13c6e9650_0 .net/2u *"_ivl_12", 31 0, L_0x7f91f73b8458;  1 drivers
v0x55f13c6e9740_0 .net *"_ivl_14", 0 0, L_0x55f13c70cae0;  1 drivers
v0x55f13c6e9800_0 .net *"_ivl_17", 0 0, L_0x55f13c70cc50;  1 drivers
L_0x7f91f73b84a0 .functor BUFT 1, C4<00000000>, C4<0>, C4<0>, C4<0>;
v0x55f13c6e9910_0 .net/2u *"_ivl_18", 7 0, L_0x7f91f73b84a0;  1 drivers
L_0x7f91f73b8380 .functor BUFT 1, C4<0000000000000000000000000000>, C4<0>, C4<0>, C4<0>;
v0x55f13c6e99f0_0 .net *"_ivl_3", 27 0, L_0x7f91f73b8380;  1 drivers
L_0x7f91f73b83c8 .functor BUFT 1, C4<00000000000000000000000000001100>, C4<0>, C4<0>, C4<0>;
v0x55f13c6e9ad0_0 .net/2u *"_ivl_4", 31 0, L_0x7f91f73b83c8;  1 drivers
v0x55f13c6e9bb0_0 .net *"_ivl_6", 0 0, L_0x55f13c70c8b0;  1 drivers
v0x55f13c6e9c70_0 .net *"_ivl_8", 31 0, L_0x55f13c70c9f0;  1 drivers
v0x55f13c6e9d50_0 .net "bus_in", 7 0, L_0x55f13c673af0;  alias, 1 drivers
v0x55f13c6e9e10_0 .net "bus_out", 7 0, L_0x55f13c70cd60;  alias, 1 drivers
v0x55f13c6e9ef0_0 .net "clk", 0 0, v0x55f13c6f2c00_0;  alias, 1 drivers
v0x55f13c6e9f90_0 .net "clk_phase", 1 0, v0x55f13c6bfb80_0;  alias, 1 drivers
v0x55f13c6ea050_0 .var "content", 7 0;
v0x55f13c6ea130_0 .net "read_en", 0 0, L_0x55f13c720910;  alias, 1 drivers
v0x55f13c6ea1d0_0 .net "read_sel", 3 0, L_0x55f13c726aa0;  alias, 1 drivers
v0x55f13c6ea3a0_0 .net "write_en", 0 0, L_0x55f13c721d70;  alias, 1 drivers
v0x55f13c6ea440_0 .net "write_sel", 3 0, L_0x55f13c727110;  alias, 1 drivers
L_0x55f13c70c7c0 .concat [ 4 28 0 0], L_0x55f13c726aa0, L_0x7f91f73b8380;
L_0x55f13c70c8b0 .cmp/eq 32, L_0x55f13c70c7c0, L_0x7f91f73b83c8;
L_0x55f13c70c9f0 .concat [ 1 31 0 0], L_0x55f13c720910, L_0x7f91f73b8410;
L_0x55f13c70cae0 .cmp/eq 32, L_0x55f13c70c9f0, L_0x7f91f73b8458;
L_0x55f13c70cd60 .functor MUXZ 8, L_0x7f91f73b84a0, v0x55f13c6ea050_0, L_0x55f13c70cc50, C4<>;
S_0x55f13c6ea600 .scope generate, "genblk1[13]" "genblk1[13]" 16 28, 16 28 0, S_0x55f13c6853f0;
 .timescale 0 0;
P_0x55f13c6ea7b0 .param/l "i" 1 16 28, +C4<01101>;
S_0x55f13c6ea890 .scope module, "registers" "GeneralRegister" 16 32, 17 5 0, S_0x55f13c6ea600;
 .timescale 0 0;
    .port_info 0 /INPUT 1 "clk";
    .port_info 1 /INPUT 2 "clk_phase";
    .port_info 2 /INPUT 8 "bus_in";
    .port_info 3 /OUTPUT 8 "bus_out";
    .port_info 4 /INPUT 1 "read_en";
    .port_info 5 /INPUT 1 "write_en";
    .port_info 6 /INPUT 4 "read_sel";
    .port_info 7 /INPUT 4 "write_sel";
P_0x55f13c6eaa70 .param/l "POSITION" 0 17 6, +C4<00000000000000000000000000001101>;
L_0x55f13c70dba0 .functor AND 1, L_0x55f13c70d3f0, L_0x55f13c70da30, C4<1>, C4<1>;
v0x55f13c6eac70_0 .net *"_ivl_0", 31 0, L_0x55f13c70cef0;  1 drivers
L_0x7f91f73b8578 .functor BUFT 1, C4<0000000000000000000000000000000>, C4<0>, C4<0>, C4<0>;
v0x55f13c6ead70_0 .net *"_ivl_11", 30 0, L_0x7f91f73b8578;  1 drivers
L_0x7f91f73b85c0 .functor BUFT 1, C4<00000000000000000000000000000001>, C4<0>, C4<0>, C4<0>;
v0x55f13c6eae50_0 .net/2u *"_ivl_12", 31 0, L_0x7f91f73b85c0;  1 drivers
v0x55f13c6eaf40_0 .net *"_ivl_14", 0 0, L_0x55f13c70da30;  1 drivers
v0x55f13c6eb000_0 .net *"_ivl_17", 0 0, L_0x55f13c70dba0;  1 drivers
L_0x7f91f73b8608 .functor BUFT 1, C4<00000000>, C4<0>, C4<0>, C4<0>;
v0x55f13c6eb110_0 .net/2u *"_ivl_18", 7 0, L_0x7f91f73b8608;  1 drivers
L_0x7f91f73b84e8 .functor BUFT 1, C4<0000000000000000000000000000>, C4<0>, C4<0>, C4<0>;
v0x55f13c6eb1f0_0 .net *"_ivl_3", 27 0, L_0x7f91f73b84e8;  1 drivers
L_0x7f91f73b8530 .functor BUFT 1, C4<00000000000000000000000000001101>, C4<0>, C4<0>, C4<0>;
v0x55f13c6eb2d0_0 .net/2u *"_ivl_4", 31 0, L_0x7f91f73b8530;  1 drivers
v0x55f13c6eb3b0_0 .net *"_ivl_6", 0 0, L_0x55f13c70d3f0;  1 drivers
v0x55f13c6eb470_0 .net *"_ivl_8", 31 0, L_0x55f13c70d530;  1 drivers
v0x55f13c6eb550_0 .net "bus_in", 7 0, L_0x55f13c673af0;  alias, 1 drivers
v0x55f13c6eb610_0 .net "bus_out", 7 0, L_0x55f13c70dcb0;  alias, 1 drivers
v0x55f13c6eb6f0_0 .net "clk", 0 0, v0x55f13c6f2c00_0;  alias, 1 drivers
v0x55f13c6eb790_0 .net "clk_phase", 1 0, v0x55f13c6bfb80_0;  alias, 1 drivers
v0x55f13c6eb850_0 .var "content", 7 0;
v0x55f13c6eb930_0 .net "read_en", 0 0, L_0x55f13c720910;  alias, 1 drivers
v0x55f13c6eb9d0_0 .net "read_sel", 3 0, L_0x55f13c726aa0;  alias, 1 drivers
v0x55f13c6ebba0_0 .net "write_en", 0 0, L_0x55f13c721d70;  alias, 1 drivers
v0x55f13c6ebc40_0 .net "write_sel", 3 0, L_0x55f13c727110;  alias, 1 drivers
L_0x55f13c70cef0 .concat [ 4 28 0 0], L_0x55f13c726aa0, L_0x7f91f73b84e8;
L_0x55f13c70d3f0 .cmp/eq 32, L_0x55f13c70cef0, L_0x7f91f73b8530;
L_0x55f13c70d530 .concat [ 1 31 0 0], L_0x55f13c720910, L_0x7f91f73b8578;
L_0x55f13c70da30 .cmp/eq 32, L_0x55f13c70d530, L_0x7f91f73b85c0;
L_0x55f13c70dcb0 .functor MUXZ 8, L_0x7f91f73b8608, v0x55f13c6eb850_0, L_0x55f13c70dba0, C4<>;
S_0x55f13c6ebe00 .scope generate, "genblk1[14]" "genblk1[14]" 16 28, 16 28 0, S_0x55f13c6853f0;
 .timescale 0 0;
P_0x55f13c6ebfb0 .param/l "i" 1 16 28, +C4<01110>;
S_0x55f13c6ec090 .scope module, "registers" "GeneralRegister" 16 32, 17 5 0, S_0x55f13c6ebe00;
 .timescale 0 0;
    .port_info 0 /INPUT 1 "clk";
    .port_info 1 /INPUT 2 "clk_phase";
    .port_info 2 /INPUT 8 "bus_in";
    .port_info 3 /OUTPUT 8 "bus_out";
    .port_info 4 /INPUT 1 "read_en";
    .port_info 5 /INPUT 1 "write_en";
    .port_info 6 /INPUT 4 "read_sel";
    .port_info 7 /INPUT 4 "write_sel";
P_0x55f13c6ec270 .param/l "POSITION" 0 17 6, +C4<00000000000000000000000000001110>;
L_0x55f13c70e2d0 .functor AND 1, L_0x55f13c70df30, L_0x55f13c70e160, C4<1>, C4<1>;
v0x55f13c6ec470_0 .net *"_ivl_0", 31 0, L_0x55f13c70de40;  1 drivers
L_0x7f91f73b86e0 .functor BUFT 1, C4<0000000000000000000000000000000>, C4<0>, C4<0>, C4<0>;
v0x55f13c6ec570_0 .net *"_ivl_11", 30 0, L_0x7f91f73b86e0;  1 drivers
L_0x7f91f73b8728 .functor BUFT 1, C4<00000000000000000000000000000001>, C4<0>, C4<0>, C4<0>;
v0x55f13c6ec650_0 .net/2u *"_ivl_12", 31 0, L_0x7f91f73b8728;  1 drivers
v0x55f13c6ec740_0 .net *"_ivl_14", 0 0, L_0x55f13c70e160;  1 drivers
v0x55f13c6ec800_0 .net *"_ivl_17", 0 0, L_0x55f13c70e2d0;  1 drivers
L_0x7f91f73b8770 .functor BUFT 1, C4<00000000>, C4<0>, C4<0>, C4<0>;
v0x55f13c6ec910_0 .net/2u *"_ivl_18", 7 0, L_0x7f91f73b8770;  1 drivers
L_0x7f91f73b8650 .functor BUFT 1, C4<0000000000000000000000000000>, C4<0>, C4<0>, C4<0>;
v0x55f13c6ec9f0_0 .net *"_ivl_3", 27 0, L_0x7f91f73b8650;  1 drivers
L_0x7f91f73b8698 .functor BUFT 1, C4<00000000000000000000000000001110>, C4<0>, C4<0>, C4<0>;
v0x55f13c6ecad0_0 .net/2u *"_ivl_4", 31 0, L_0x7f91f73b8698;  1 drivers
v0x55f13c6ecbb0_0 .net *"_ivl_6", 0 0, L_0x55f13c70df30;  1 drivers
v0x55f13c6ecc70_0 .net *"_ivl_8", 31 0, L_0x55f13c70e070;  1 drivers
v0x55f13c6ecd50_0 .net "bus_in", 7 0, L_0x55f13c673af0;  alias, 1 drivers
v0x55f13c6ece10_0 .net "bus_out", 7 0, L_0x55f13c70e3e0;  alias, 1 drivers
v0x55f13c6ecef0_0 .net "clk", 0 0, v0x55f13c6f2c00_0;  alias, 1 drivers
v0x55f13c6ecf90_0 .net "clk_phase", 1 0, v0x55f13c6bfb80_0;  alias, 1 drivers
v0x55f13c6ed050_0 .var "content", 7 0;
v0x55f13c6ed130_0 .net "read_en", 0 0, L_0x55f13c720910;  alias, 1 drivers
v0x55f13c6ed1d0_0 .net "read_sel", 3 0, L_0x55f13c726aa0;  alias, 1 drivers
v0x55f13c6ed3a0_0 .net "write_en", 0 0, L_0x55f13c721d70;  alias, 1 drivers
v0x55f13c6ed440_0 .net "write_sel", 3 0, L_0x55f13c727110;  alias, 1 drivers
L_0x55f13c70de40 .concat [ 4 28 0 0], L_0x55f13c726aa0, L_0x7f91f73b8650;
L_0x55f13c70df30 .cmp/eq 32, L_0x55f13c70de40, L_0x7f91f73b8698;
L_0x55f13c70e070 .concat [ 1 31 0 0], L_0x55f13c720910, L_0x7f91f73b86e0;
L_0x55f13c70e160 .cmp/eq 32, L_0x55f13c70e070, L_0x7f91f73b8728;
L_0x55f13c70e3e0 .functor MUXZ 8, L_0x7f91f73b8770, v0x55f13c6ed050_0, L_0x55f13c70e2d0, C4<>;
S_0x55f13c6ed600 .scope generate, "genblk1[15]" "genblk1[15]" 16 28, 16 28 0, S_0x55f13c6853f0;
 .timescale 0 0;
P_0x55f13c6ed7b0 .param/l "i" 1 16 28, +C4<01111>;
S_0x55f13c6ed890 .scope module, "registers" "GeneralRegister" 16 32, 17 5 0, S_0x55f13c6ed600;
 .timescale 0 0;
    .port_info 0 /INPUT 1 "clk";
    .port_info 1 /INPUT 2 "clk_phase";
    .port_info 2 /INPUT 8 "bus_in";
    .port_info 3 /OUTPUT 8 "bus_out";
    .port_info 4 /INPUT 1 "read_en";
    .port_info 5 /INPUT 1 "write_en";
    .port_info 6 /INPUT 4 "read_sel";
    .port_info 7 /INPUT 4 "write_sel";
P_0x55f13c6eda70 .param/l "POSITION" 0 17 6, +C4<00000000000000000000000000001111>;
L_0x55f13c70ea00 .functor AND 1, L_0x55f13c70e660, L_0x55f13c70e890, C4<1>, C4<1>;
v0x55f13c6edc70_0 .net *"_ivl_0", 31 0, L_0x55f13c70e570;  1 drivers
L_0x7f91f73b8848 .functor BUFT 1, C4<0000000000000000000000000000000>, C4<0>, C4<0>, C4<0>;
v0x55f13c6edd70_0 .net *"_ivl_11", 30 0, L_0x7f91f73b8848;  1 drivers
L_0x7f91f73b8890 .functor BUFT 1, C4<00000000000000000000000000000001>, C4<0>, C4<0>, C4<0>;
v0x55f13c6ede50_0 .net/2u *"_ivl_12", 31 0, L_0x7f91f73b8890;  1 drivers
v0x55f13c6edf40_0 .net *"_ivl_14", 0 0, L_0x55f13c70e890;  1 drivers
v0x55f13c6ee000_0 .net *"_ivl_17", 0 0, L_0x55f13c70ea00;  1 drivers
L_0x7f91f73b88d8 .functor BUFT 1, C4<00000000>, C4<0>, C4<0>, C4<0>;
v0x55f13c6ee110_0 .net/2u *"_ivl_18", 7 0, L_0x7f91f73b88d8;  1 drivers
L_0x7f91f73b87b8 .functor BUFT 1, C4<0000000000000000000000000000>, C4<0>, C4<0>, C4<0>;
v0x55f13c6ee1f0_0 .net *"_ivl_3", 27 0, L_0x7f91f73b87b8;  1 drivers
L_0x7f91f73b8800 .functor BUFT 1, C4<00000000000000000000000000001111>, C4<0>, C4<0>, C4<0>;
v0x55f13c6ee2d0_0 .net/2u *"_ivl_4", 31 0, L_0x7f91f73b8800;  1 drivers
v0x55f13c6ee3b0_0 .net *"_ivl_6", 0 0, L_0x55f13c70e660;  1 drivers
v0x55f13c6ee470_0 .net *"_ivl_8", 31 0, L_0x55f13c70e7a0;  1 drivers
v0x55f13c6ee550_0 .net "bus_in", 7 0, L_0x55f13c673af0;  alias, 1 drivers
v0x55f13c6ee610_0 .net "bus_out", 7 0, L_0x55f13c70eb10;  alias, 1 drivers
v0x55f13c6ee6f0_0 .net "clk", 0 0, v0x55f13c6f2c00_0;  alias, 1 drivers
v0x55f13c6ee790_0 .net "clk_phase", 1 0, v0x55f13c6bfb80_0;  alias, 1 drivers
v0x55f13c6ee850_0 .var "content", 7 0;
v0x55f13c6ee930_0 .net "read_en", 0 0, L_0x55f13c720910;  alias, 1 drivers
v0x55f13c6eebe0_0 .net "read_sel", 3 0, L_0x55f13c726aa0;  alias, 1 drivers
v0x55f13c6eeeb0_0 .net "write_en", 0 0, L_0x55f13c721d70;  alias, 1 drivers
v0x55f13c6ef160_0 .net "write_sel", 3 0, L_0x55f13c727110;  alias, 1 drivers
L_0x55f13c70e570 .concat [ 4 28 0 0], L_0x55f13c726aa0, L_0x7f91f73b87b8;
L_0x55f13c70e660 .cmp/eq 32, L_0x55f13c70e570, L_0x7f91f73b8800;
L_0x55f13c70e7a0 .concat [ 1 31 0 0], L_0x55f13c720910, L_0x7f91f73b8848;
L_0x55f13c70e890 .cmp/eq 32, L_0x55f13c70e7a0, L_0x7f91f73b8890;
L_0x55f13c70eb10 .functor MUXZ 8, L_0x7f91f73b88d8, v0x55f13c6ee850_0, L_0x55f13c70ea00, C4<>;
    .scope S_0x55f13c691630;
T_0 ;
    %pushi/vec4 0, 0, 2;
    %store/vec4 v0x55f13c6bfb80_0, 0, 2;
    %end;
    .thread T_0;
    .scope S_0x55f13c691630;
T_1 ;
    %wait E_0x55f13c50d5d0;
    %load/vec4 v0x55f13c6bfb80_0;
    %addi 1, 0, 2;
    %assign/vec4 v0x55f13c6bfb80_0, 0;
    %jmp T_1;
    .thread T_1;
    .scope S_0x55f13c6833c0;
T_2 ;
    %pushi/vec4 0, 0, 8;
    %store/vec4 v0x55f13c6d7980_0, 0, 8;
    %end;
    .thread T_2;
    .scope S_0x55f13c6833c0;
T_3 ;
    %wait E_0x55f13c50d5d0;
    %load/vec4 v0x55f13c6d78c0_0;
    %pad/u 32;
    %cmpi/e 2, 0, 32;
    %jmp/0xz  T_3.0, 4;
    %load/vec4 v0x55f13c6d7db0_0;
    %pad/u 32;
    %cmpi/e 0, 0, 32;
    %flag_get/vec4 4;
    %jmp/0 T_3.4, 4;
    %load/vec4 v0x55f13c6d7ce0_0;
    %pad/u 32;
    %pushi/vec4 1, 0, 32;
    %cmp/e;
    %flag_get/vec4 4;
    %and;
T_3.4;
    %flag_set/vec4 8;
    %jmp/0xz  T_3.2, 8;
    %load/vec4 v0x55f13c6d7680_0;
    %assign/vec4 v0x55f13c6d7980_0, 0;
T_3.2 ;
T_3.0 ;
    %jmp T_3;
    .thread T_3;
    .scope S_0x55f13c6d81d0;
T_4 ;
    %pushi/vec4 0, 0, 8;
    %store/vec4 v0x55f13c6d91c0_0, 0, 8;
    %end;
    .thread T_4;
    .scope S_0x55f13c6d81d0;
T_5 ;
    %wait E_0x55f13c50d5d0;
    %load/vec4 v0x55f13c6d9100_0;
    %pad/u 32;
    %cmpi/e 2, 0, 32;
    %jmp/0xz  T_5.0, 4;
    %load/vec4 v0x55f13c6d9650_0;
    %pad/u 32;
    %cmpi/e 1, 0, 32;
    %flag_get/vec4 4;
    %jmp/0 T_5.4, 4;
    %load/vec4 v0x55f13c6d9560_0;
    %pad/u 32;
    %pushi/vec4 1, 0, 32;
    %cmp/e;
    %flag_get/vec4 4;
    %and;
T_5.4;
    %flag_set/vec4 8;
    %jmp/0xz  T_5.2, 8;
    %load/vec4 v0x55f13c6d8ec0_0;
    %assign/vec4 v0x55f13c6d91c0_0, 0;
T_5.2 ;
T_5.0 ;
    %jmp T_5;
    .thread T_5;
    .scope S_0x55f13c6d9b20;
T_6 ;
    %pushi/vec4 0, 0, 8;
    %store/vec4 v0x55f13c6daab0_0, 0, 8;
    %end;
    .thread T_6;
    .scope S_0x55f13c6d9b20;
T_7 ;
    %wait E_0x55f13c50d5d0;
    %load/vec4 v0x55f13c6da9f0_0;
    %pad/u 32;
    %cmpi/e 2, 0, 32;
    %jmp/0xz  T_7.0, 4;
    %load/vec4 v0x55f13c6daea0_0;
    %pad/u 32;
    %cmpi/e 2, 0, 32;
    %flag_get/vec4 4;
    %jmp/0 T_7.4, 4;
    %load/vec4 v0x55f13c6dae00_0;
    %pad/u 32;
    %pushi/vec4 1, 0, 32;
    %cmp/e;
    %flag_get/vec4 4;
    %and;
T_7.4;
    %flag_set/vec4 8;
    %jmp/0xz  T_7.2, 8;
    %load/vec4 v0x55f13c6da7b0_0;
    %assign/vec4 v0x55f13c6daab0_0, 0;
T_7.2 ;
T_7.0 ;
    %jmp T_7;
    .thread T_7;
    .scope S_0x55f13c6db2f0;
T_8 ;
    %pushi/vec4 0, 0, 8;
    %store/vec4 v0x55f13c6dc490_0, 0, 8;
    %end;
    .thread T_8;
    .scope S_0x55f13c6db2f0;
T_9 ;
    %wait E_0x55f13c50d5d0;
    %load/vec4 v0x55f13c6dc1c0_0;
    %pad/u 32;
    %cmpi/e 2, 0, 32;
    %jmp/0xz  T_9.0, 4;
    %load/vec4 v0x55f13c6dc890_0;
    %pad/u 32;
    %cmpi/e 3, 0, 32;
    %flag_get/vec4 4;
    %jmp/0 T_9.4, 4;
    %load/vec4 v0x55f13c6dc760_0;
    %pad/u 32;
    %pushi/vec4 1, 0, 32;
    %cmp/e;
    %flag_get/vec4 4;
    %and;
T_9.4;
    %flag_set/vec4 8;
    %jmp/0xz  T_9.2, 8;
    %load/vec4 v0x55f13c6dbf80_0;
    %assign/vec4 v0x55f13c6dc490_0, 0;
T_9.2 ;
T_9.0 ;
    %jmp T_9;
    .thread T_9;
    .scope S_0x55f13c6dccd0;
T_10 ;
    %pushi/vec4 0, 0, 8;
    %store/vec4 v0x55f13c6ddb90_0, 0, 8;
    %end;
    .thread T_10;
    .scope S_0x55f13c6dccd0;
T_11 ;
    %wait E_0x55f13c50d5d0;
    %load/vec4 v0x55f13c6ddad0_0;
    %pad/u 32;
    %cmpi/e 2, 0, 32;
    %jmp/0xz  T_11.0, 4;
    %load/vec4 v0x55f13c6ddf80_0;
    %pad/u 32;
    %cmpi/e 4, 0, 32;
    %flag_get/vec4 4;
    %jmp/0 T_11.4, 4;
    %load/vec4 v0x55f13c6ddee0_0;
    %pad/u 32;
    %pushi/vec4 1, 0, 32;
    %cmp/e;
    %flag_get/vec4 4;
    %and;
T_11.4;
    %flag_set/vec4 8;
    %jmp/0xz  T_11.2, 8;
    %load/vec4 v0x55f13c6dd890_0;
    %assign/vec4 v0x55f13c6ddb90_0, 0;
T_11.2 ;
T_11.0 ;
    %jmp T_11;
    .thread T_11;
    .scope S_0x55f13c6de3d0;
T_12 ;
    %pushi/vec4 0, 0, 8;
    %store/vec4 v0x55f13c6df360_0, 0, 8;
    %end;
    .thread T_12;
    .scope S_0x55f13c6de3d0;
T_13 ;
    %wait E_0x55f13c50d5d0;
    %load/vec4 v0x55f13c6df2a0_0;
    %pad/u 32;
    %cmpi/e 2, 0, 32;
    %jmp/0xz  T_13.0, 4;
    %load/vec4 v0x55f13c6df750_0;
    %pad/u 32;
    %cmpi/e 5, 0, 32;
    %flag_get/vec4 4;
    %jmp/0 T_13.4, 4;
    %load/vec4 v0x55f13c6df6b0_0;
    %pad/u 32;
    %pushi/vec4 1, 0, 32;
    %cmp/e;
    %flag_get/vec4 4;
    %and;
T_13.4;
    %flag_set/vec4 8;
    %jmp/0xz  T_13.2, 8;
    %load/vec4 v0x55f13c6df060_0;
    %assign/vec4 v0x55f13c6df360_0, 0;
T_13.2 ;
T_13.0 ;
    %jmp T_13;
    .thread T_13;
    .scope S_0x55f13c6dfba0;
T_14 ;
    %pushi/vec4 0, 0, 8;
    %store/vec4 v0x55f13c6e0d70_0, 0, 8;
    %end;
    .thread T_14;
    .scope S_0x55f13c6dfba0;
T_15 ;
    %wait E_0x55f13c50d5d0;
    %load/vec4 v0x55f13c6e0cb0_0;
    %pad/u 32;
    %cmpi/e 2, 0, 32;
    %jmp/0xz  T_15.0, 4;
    %load/vec4 v0x55f13c6e1050_0;
    %pad/u 32;
    %cmpi/e 6, 0, 32;
    %flag_get/vec4 4;
    %jmp/0 T_15.4, 4;
    %load/vec4 v0x55f13c6e0fb0_0;
    %pad/u 32;
    %pushi/vec4 1, 0, 32;
    %cmp/e;
    %flag_get/vec4 4;
    %and;
T_15.4;
    %flag_set/vec4 8;
    %jmp/0xz  T_15.2, 8;
    %load/vec4 v0x55f13c6e0860_0;
    %assign/vec4 v0x55f13c6e0d70_0, 0;
T_15.2 ;
T_15.0 ;
    %jmp T_15;
    .thread T_15;
    .scope S_0x55f13c6e14a0;
T_16 ;
    %pushi/vec4 0, 0, 8;
    %store/vec4 v0x55f13c6e2460_0, 0, 8;
    %end;
    .thread T_16;
    .scope S_0x55f13c6e14a0;
T_17 ;
    %wait E_0x55f13c50d5d0;
    %load/vec4 v0x55f13c6e23a0_0;
    %pad/u 32;
    %cmpi/e 2, 0, 32;
    %jmp/0xz  T_17.0, 4;
    %load/vec4 v0x55f13c6e2b80_0;
    %pad/u 32;
    %cmpi/e 7, 0, 32;
    %flag_get/vec4 4;
    %jmp/0 T_17.4, 4;
    %load/vec4 v0x55f13c6e29d0_0;
    %pad/u 32;
    %pushi/vec4 1, 0, 32;
    %cmp/e;
    %flag_get/vec4 4;
    %and;
T_17.4;
    %flag_set/vec4 8;
    %jmp/0xz  T_17.2, 8;
    %load/vec4 v0x55f13c6e2160_0;
    %assign/vec4 v0x55f13c6e2460_0, 0;
T_17.2 ;
T_17.0 ;
    %jmp T_17;
    .thread T_17;
    .scope S_0x55f13c6e3090;
T_18 ;
    %pushi/vec4 0, 0, 8;
    %store/vec4 v0x55f13c6e4050_0, 0, 8;
    %end;
    .thread T_18;
    .scope S_0x55f13c6e3090;
T_19 ;
    %wait E_0x55f13c50d5d0;
    %load/vec4 v0x55f13c6e3f90_0;
    %pad/u 32;
    %cmpi/e 2, 0, 32;
    %jmp/0xz  T_19.0, 4;
    %load/vec4 v0x55f13c6e4440_0;
    %pad/u 32;
    %cmpi/e 8, 0, 32;
    %flag_get/vec4 4;
    %jmp/0 T_19.4, 4;
    %load/vec4 v0x55f13c6e43a0_0;
    %pad/u 32;
    %pushi/vec4 1, 0, 32;
    %cmp/e;
    %flag_get/vec4 4;
    %and;
T_19.4;
    %flag_set/vec4 8;
    %jmp/0xz  T_19.2, 8;
    %load/vec4 v0x55f13c6e3d50_0;
    %assign/vec4 v0x55f13c6e4050_0, 0;
T_19.2 ;
T_19.0 ;
    %jmp T_19;
    .thread T_19;
    .scope S_0x55f13c6e4890;
T_20 ;
    %pushi/vec4 0, 0, 8;
    %store/vec4 v0x55f13c6e5850_0, 0, 8;
    %end;
    .thread T_20;
    .scope S_0x55f13c6e4890;
T_21 ;
    %wait E_0x55f13c50d5d0;
    %load/vec4 v0x55f13c6e5790_0;
    %pad/u 32;
    %cmpi/e 2, 0, 32;
    %jmp/0xz  T_21.0, 4;
    %load/vec4 v0x55f13c6e5c40_0;
    %pad/u 32;
    %cmpi/e 9, 0, 32;
    %flag_get/vec4 4;
    %jmp/0 T_21.4, 4;
    %load/vec4 v0x55f13c6e5ba0_0;
    %pad/u 32;
    %pushi/vec4 1, 0, 32;
    %cmp/e;
    %flag_get/vec4 4;
    %and;
T_21.4;
    %flag_set/vec4 8;
    %jmp/0xz  T_21.2, 8;
    %load/vec4 v0x55f13c6e5550_0;
    %assign/vec4 v0x55f13c6e5850_0, 0;
T_21.2 ;
T_21.0 ;
    %jmp T_21;
    .thread T_21;
    .scope S_0x55f13c6e6090;
T_22 ;
    %pushi/vec4 0, 0, 8;
    %store/vec4 v0x55f13c6e7050_0, 0, 8;
    %end;
    .thread T_22;
    .scope S_0x55f13c6e6090;
T_23 ;
    %wait E_0x55f13c50d5d0;
    %load/vec4 v0x55f13c6e6f90_0;
    %pad/u 32;
    %cmpi/e 2, 0, 32;
    %jmp/0xz  T_23.0, 4;
    %load/vec4 v0x55f13c6e7440_0;
    %pad/u 32;
    %cmpi/e 10, 0, 32;
    %flag_get/vec4 4;
    %jmp/0 T_23.4, 4;
    %load/vec4 v0x55f13c6e73a0_0;
    %pad/u 32;
    %pushi/vec4 1, 0, 32;
    %cmp/e;
    %flag_get/vec4 4;
    %and;
T_23.4;
    %flag_set/vec4 8;
    %jmp/0xz  T_23.2, 8;
    %load/vec4 v0x55f13c6e6d50_0;
    %assign/vec4 v0x55f13c6e7050_0, 0;
T_23.2 ;
T_23.0 ;
    %jmp T_23;
    .thread T_23;
    .scope S_0x55f13c6e7890;
T_24 ;
    %pushi/vec4 0, 0, 8;
    %store/vec4 v0x55f13c6e8850_0, 0, 8;
    %end;
    .thread T_24;
    .scope S_0x55f13c6e7890;
T_25 ;
    %wait E_0x55f13c50d5d0;
    %load/vec4 v0x55f13c6e8790_0;
    %pad/u 32;
    %cmpi/e 2, 0, 32;
    %jmp/0xz  T_25.0, 4;
    %load/vec4 v0x55f13c6e8c40_0;
    %pad/u 32;
    %cmpi/e 11, 0, 32;
    %flag_get/vec4 4;
    %jmp/0 T_25.4, 4;
    %load/vec4 v0x55f13c6e8ba0_0;
    %pad/u 32;
    %pushi/vec4 1, 0, 32;
    %cmp/e;
    %flag_get/vec4 4;
    %and;
T_25.4;
    %flag_set/vec4 8;
    %jmp/0xz  T_25.2, 8;
    %load/vec4 v0x55f13c6e8550_0;
    %assign/vec4 v0x55f13c6e8850_0, 0;
T_25.2 ;
T_25.0 ;
    %jmp T_25;
    .thread T_25;
    .scope S_0x55f13c6e9090;
T_26 ;
    %pushi/vec4 0, 0, 8;
    %store/vec4 v0x55f13c6ea050_0, 0, 8;
    %end;
    .thread T_26;
    .scope S_0x55f13c6e9090;
T_27 ;
    %wait E_0x55f13c50d5d0;
    %load/vec4 v0x55f13c6e9f90_0;
    %pad/u 32;
    %cmpi/e 2, 0, 32;
    %jmp/0xz  T_27.0, 4;
    %load/vec4 v0x55f13c6ea440_0;
    %pad/u 32;
    %cmpi/e 12, 0, 32;
    %flag_get/vec4 4;
    %jmp/0 T_27.4, 4;
    %load/vec4 v0x55f13c6ea3a0_0;
    %pad/u 32;
    %pushi/vec4 1, 0, 32;
    %cmp/e;
    %flag_get/vec4 4;
    %and;
T_27.4;
    %flag_set/vec4 8;
    %jmp/0xz  T_27.2, 8;
    %load/vec4 v0x55f13c6e9d50_0;
    %assign/vec4 v0x55f13c6ea050_0, 0;
T_27.2 ;
T_27.0 ;
    %jmp T_27;
    .thread T_27;
    .scope S_0x55f13c6ea890;
T_28 ;
    %pushi/vec4 0, 0, 8;
    %store/vec4 v0x55f13c6eb850_0, 0, 8;
    %end;
    .thread T_28;
    .scope S_0x55f13c6ea890;
T_29 ;
    %wait E_0x55f13c50d5d0;
    %load/vec4 v0x55f13c6eb790_0;
    %pad/u 32;
    %cmpi/e 2, 0, 32;
    %jmp/0xz  T_29.0, 4;
    %load/vec4 v0x55f13c6ebc40_0;
    %pad/u 32;
    %cmpi/e 13, 0, 32;
    %flag_get/vec4 4;
    %jmp/0 T_29.4, 4;
    %load/vec4 v0x55f13c6ebba0_0;
    %pad/u 32;
    %pushi/vec4 1, 0, 32;
    %cmp/e;
    %flag_get/vec4 4;
    %and;
T_29.4;
    %flag_set/vec4 8;
    %jmp/0xz  T_29.2, 8;
    %load/vec4 v0x55f13c6eb550_0;
    %assign/vec4 v0x55f13c6eb850_0, 0;
T_29.2 ;
T_29.0 ;
    %jmp T_29;
    .thread T_29;
    .scope S_0x55f13c6ec090;
T_30 ;
    %pushi/vec4 0, 0, 8;
    %store/vec4 v0x55f13c6ed050_0, 0, 8;
    %end;
    .thread T_30;
    .scope S_0x55f13c6ec090;
T_31 ;
    %wait E_0x55f13c50d5d0;
    %load/vec4 v0x55f13c6ecf90_0;
    %pad/u 32;
    %cmpi/e 2, 0, 32;
    %jmp/0xz  T_31.0, 4;
    %load/vec4 v0x55f13c6ed440_0;
    %pad/u 32;
    %cmpi/e 14, 0, 32;
    %flag_get/vec4 4;
    %jmp/0 T_31.4, 4;
    %load/vec4 v0x55f13c6ed3a0_0;
    %pad/u 32;
    %pushi/vec4 1, 0, 32;
    %cmp/e;
    %flag_get/vec4 4;
    %and;
T_31.4;
    %flag_set/vec4 8;
    %jmp/0xz  T_31.2, 8;
    %load/vec4 v0x55f13c6ecd50_0;
    %assign/vec4 v0x55f13c6ed050_0, 0;
T_31.2 ;
T_31.0 ;
    %jmp T_31;
    .thread T_31;
    .scope S_0x55f13c6ed890;
T_32 ;
    %pushi/vec4 0, 0, 8;
    %store/vec4 v0x55f13c6ee850_0, 0, 8;
    %end;
    .thread T_32;
    .scope S_0x55f13c6ed890;
T_33 ;
    %wait E_0x55f13c50d5d0;
    %load/vec4 v0x55f13c6ee790_0;
    %pad/u 32;
    %cmpi/e 2, 0, 32;
    %jmp/0xz  T_33.0, 4;
    %load/vec4 v0x55f13c6ef160_0;
    %pad/u 32;
    %cmpi/e 15, 0, 32;
    %flag_get/vec4 4;
    %jmp/0 T_33.4, 4;
    %load/vec4 v0x55f13c6eeeb0_0;
    %pad/u 32;
    %pushi/vec4 1, 0, 32;
    %cmp/e;
    %flag_get/vec4 4;
    %and;
T_33.4;
    %flag_set/vec4 8;
    %jmp/0xz  T_33.2, 8;
    %load/vec4 v0x55f13c6ee550_0;
    %assign/vec4 v0x55f13c6ee850_0, 0;
T_33.2 ;
T_33.0 ;
    %jmp T_33;
    .thread T_33;
    .scope S_0x55f13c692660;
T_34 ;
    %pushi/vec4 0, 0, 8;
    %store/vec4 v0x55f13c6beeb0_0, 0, 8;
    %pushi/vec4 0, 0, 8;
    %store/vec4 v0x55f13c6bef90_0, 0, 8;
    %end;
    .thread T_34;
    .scope S_0x55f13c692660;
T_35 ;
    %wait E_0x55f13c50d5d0;
    %load/vec4 v0x55f13c6be470_0;
    %pad/u 32;
    %cmpi/e 2, 0, 32;
    %jmp/0xz  T_35.0, 4;
    %load/vec4 v0x55f13c6bf6d0_0;
    %pad/u 32;
    %cmpi/e 1, 0, 32;
    %jmp/0xz  T_35.2, 4;
    %load/vec4 v0x55f13c6bda70_0;
    %assign/vec4 v0x55f13c6beeb0_0, 0;
T_35.2 ;
    %load/vec4 v0x55f13c6bf790_0;
    %pad/u 32;
    %cmpi/e 1, 0, 32;
    %jmp/0xz  T_35.4, 4;
    %load/vec4 v0x55f13c6bda70_0;
    %assign/vec4 v0x55f13c6bef90_0, 0;
T_35.4 ;
T_35.0 ;
    %jmp T_35;
    .thread T_35;
    .scope S_0x55f13c68a4e0;
T_36 ;
    %pushi/vec4 0, 0, 8;
    %store/vec4 v0x55f13c6d2510_0, 0, 8;
    %end;
    .thread T_36;
    .scope S_0x55f13c68a4e0;
T_37 ;
    %wait E_0x55f13c50d5d0;
    %load/vec4 v0x55f13c6d2340_0;
    %pad/u 32;
    %cmpi/e 2, 0, 32;
    %flag_get/vec4 4;
    %jmp/0 T_37.2, 4;
    %load/vec4 v0x55f13c6d2730_0;
    %pad/u 32;
    %pushi/vec4 1, 0, 32;
    %cmp/e;
    %flag_get/vec4 4;
    %and;
T_37.2;
    %flag_set/vec4 8;
    %jmp/0xz  T_37.0, 8;
    %load/vec4 v0x55f13c6d1f60_0;
    %ix/getv 3, v0x55f13c6d1e80_0;
    %ix/load 4, 0, 0; Constant delay
    %assign/vec4/a/d v0x55f13c6d2690, 0, 4;
    %jmp T_37.1;
T_37.0 ;
    %ix/getv 4, v0x55f13c6d1e80_0;
    %load/vec4a v0x55f13c6d2690, 4;
    %assign/vec4 v0x55f13c6d2510_0, 0;
T_37.1 ;
    %jmp T_37;
    .thread T_37;
    .scope S_0x55f13c68a4e0;
T_38 ;
    %vpi_call 11 34 "$readmemh", "program.mem", v0x55f13c6d2690 {0 0 0};
    %end;
    .thread T_38;
    .scope S_0x55f13c687450;
T_39 ;
    %pushi/vec4 0, 0, 8;
    %store/vec4 v0x55f13c6d5820_0, 0, 8;
    %pushi/vec4 0, 0, 8;
    %store/vec4 v0x55f13c6d5900_0, 0, 8;
    %end;
    .thread T_39;
    .scope S_0x55f13c687450;
T_40 ;
    %wait E_0x55f13c50d5d0;
    %load/vec4 v0x55f13c6d5c30_0;
    %pad/u 32;
    %cmpi/e 2, 0, 32;
    %jmp/0xz  T_40.0, 4;
    %load/vec4 v0x55f13c6d59e0_0;
    %pad/u 32;
    %cmpi/e 0, 0, 32;
    %flag_get/vec4 4;
    %jmp/0 T_40.4, 4;
    %load/vec4 v0x55f13c6d5d90_0;
    %pad/u 32;
    %pushi/vec4 1, 0, 32;
    %cmp/e;
    %flag_get/vec4 4;
    %and;
T_40.4;
    %flag_set/vec4 8;
    %jmp/0xz  T_40.2, 8;
    %load/vec4 v0x55f13c6d5570_0;
    %assign/vec4 v0x55f13c6d5820_0, 0;
T_40.2 ;
    %load/vec4 v0x55f13c6d59e0_0;
    %pad/u 32;
    %cmpi/e 1, 0, 32;
    %flag_get/vec4 4;
    %jmp/0 T_40.7, 4;
    %load/vec4 v0x55f13c6d5d90_0;
    %pad/u 32;
    %pushi/vec4 1, 0, 32;
    %cmp/e;
    %flag_get/vec4 4;
    %and;
T_40.7;
    %flag_set/vec4 8;
    %jmp/0xz  T_40.5, 8;
    %load/vec4 v0x55f13c6d5570_0;
    %assign/vec4 v0x55f13c6d5900_0, 0;
T_40.5 ;
T_40.0 ;
    %jmp T_40;
    .thread T_40;
    .scope S_0x55f13c686420;
T_41 ;
    %pushi/vec4 0, 0, 8;
    %store/vec4 v0x55f13c6d61d0_0, 0, 8;
    %pushi/vec4 0, 0, 8;
    %store/vec4 v0x55f13c6d62c0_0, 0, 8;
    %end;
    .thread T_41;
    .scope S_0x55f13c686420;
T_42 ;
    %wait E_0x55f13c50d5d0;
    %load/vec4 v0x55f13c6d64e0_0;
    %pad/u 32;
    %cmpi/e 2, 0, 32;
    %jmp/0xz  T_42.0, 4;
    %load/vec4 v0x55f13c6d63a0_0;
    %pad/u 32;
    %cmpi/e 0, 0, 32;
    %flag_get/vec4 4;
    %jmp/0 T_42.4, 4;
    %load/vec4 v0x55f13c6d6660_0;
    %pad/u 32;
    %pushi/vec4 1, 0, 32;
    %cmp/e;
    %flag_get/vec4 4;
    %and;
T_42.4;
    %flag_set/vec4 8;
    %jmp/0xz  T_42.2, 8;
    %load/vec4 v0x55f13c6d6110_0;
    %assign/vec4 v0x55f13c6d61d0_0, 0;
T_42.2 ;
    %load/vec4 v0x55f13c6d63a0_0;
    %pad/u 32;
    %cmpi/e 1, 0, 32;
    %flag_get/vec4 4;
    %jmp/0 T_42.7, 4;
    %load/vec4 v0x55f13c6d6660_0;
    %pad/u 32;
    %pushi/vec4 1, 0, 32;
    %cmp/e;
    %flag_get/vec4 4;
    %and;
T_42.7;
    %flag_set/vec4 8;
    %jmp/0xz  T_42.5, 8;
    %load/vec4 v0x55f13c6d6110_0;
    %assign/vec4 v0x55f13c6d62c0_0, 0;
T_42.5 ;
T_42.0 ;
    %jmp T_42;
    .thread T_42;
    .scope S_0x55f13c68b510;
T_43 ;
    %pushi/vec4 0, 0, 8;
    %store/vec4 v0x55f13c6d1110_0, 0, 8;
    %pushi/vec4 0, 0, 8;
    %store/vec4 v0x55f13c6d12e0_0, 0, 8;
    %end;
    .thread T_43;
    .scope S_0x55f13c68b510;
T_44 ;
    %wait E_0x55f13c50d5d0;
    %load/vec4 v0x55f13c6d1630_0;
    %pad/u 32;
    %cmpi/e 2, 0, 32;
    %jmp/0xz  T_44.0, 4;
    %load/vec4 v0x55f13c6d14a0_0;
    %pad/u 32;
    %cmpi/e 0, 0, 32;
    %flag_get/vec4 4;
    %jmp/0 T_44.4, 4;
    %load/vec4 v0x55f13c6d1780_0;
    %pad/u 32;
    %pushi/vec4 1, 0, 32;
    %cmp/e;
    %flag_get/vec4 4;
    %and;
T_44.4;
    %flag_set/vec4 8;
    %jmp/0xz  T_44.2, 8;
    %load/vec4 v0x55f13c6d1050_0;
    %assign/vec4 v0x55f13c6d1110_0, 0;
T_44.2 ;
    %load/vec4 v0x55f13c6d14a0_0;
    %pad/u 32;
    %cmpi/e 1, 0, 32;
    %flag_get/vec4 4;
    %jmp/0 T_44.7, 4;
    %load/vec4 v0x55f13c6d1780_0;
    %pad/u 32;
    %pushi/vec4 1, 0, 32;
    %cmp/e;
    %flag_get/vec4 4;
    %and;
T_44.7;
    %flag_set/vec4 8;
    %jmp/0xz  T_44.5, 8;
    %load/vec4 v0x55f13c6d1050_0;
    %assign/vec4 v0x55f13c6d12e0_0, 0;
T_44.5 ;
T_44.0 ;
    %jmp T_44;
    .thread T_44;
    .scope S_0x55f13c6894b0;
T_45 ;
    %pushi/vec4 0, 0, 8;
    %store/vec4 v0x55f13c6d34c0_0, 0, 8;
    %pushi/vec4 0, 0, 8;
    %store/vec4 v0x55f13c6d35a0_0, 0, 8;
    %end;
    .thread T_45;
    .scope S_0x55f13c6894b0;
T_46 ;
    %wait E_0x55f13c50d5d0;
    %load/vec4 v0x55f13c6d37c0_0;
    %pad/u 32;
    %cmpi/e 2, 0, 32;
    %jmp/0xz  T_46.0, 4;
    %load/vec4 v0x55f13c6d3990_0;
    %pad/u 32;
    %cmpi/e 1, 0, 32;
    %jmp/0xz  T_46.2, 4;
    %load/vec4 v0x55f13c6d35a0_0;
    %load/vec4 v0x55f13c6d34c0_0;
    %concat/vec4; draw_concat_vec4
    %addi 1, 0, 16;
    %split/vec4 8;
    %assign/vec4 v0x55f13c6d34c0_0, 0;
    %assign/vec4 v0x55f13c6d35a0_0, 0;
T_46.2 ;
    %load/vec4 v0x55f13c6d3680_0;
    %pad/u 32;
    %cmpi/e 0, 0, 32;
    %flag_get/vec4 4;
    %jmp/0 T_46.6, 4;
    %load/vec4 v0x55f13c6d3b00_0;
    %pad/u 32;
    %pushi/vec4 1, 0, 32;
    %cmp/e;
    %flag_get/vec4 4;
    %and;
T_46.6;
    %flag_set/vec4 8;
    %jmp/0xz  T_46.4, 8;
    %load/vec4 v0x55f13c6d3320_0;
    %assign/vec4 v0x55f13c6d34c0_0, 0;
T_46.4 ;
    %load/vec4 v0x55f13c6d3680_0;
    %pad/u 32;
    %cmpi/e 1, 0, 32;
    %flag_get/vec4 4;
    %jmp/0 T_46.9, 4;
    %load/vec4 v0x55f13c6d3b00_0;
    %pad/u 32;
    %pushi/vec4 1, 0, 32;
    %cmp/e;
    %flag_get/vec4 4;
    %and;
T_46.9;
    %flag_set/vec4 8;
    %jmp/0xz  T_46.7, 8;
    %load/vec4 v0x55f13c6d3320_0;
    %assign/vec4 v0x55f13c6d35a0_0, 0;
T_46.7 ;
T_46.0 ;
    %jmp T_46;
    .thread T_46;
    .scope S_0x55f13c68d570;
T_47 ;
    %pushi/vec4 0, 0, 8;
    %store/vec4 v0x55f13c6cf2b0_0, 0, 8;
    %pushi/vec4 0, 0, 8;
    %store/vec4 v0x55f13c6cf390_0, 0, 8;
    %end;
    .thread T_47;
    .scope S_0x55f13c68d570;
T_48 ;
    %wait E_0x55f13c50d5d0;
    %load/vec4 v0x55f13c6cf5b0_0;
    %pad/u 32;
    %cmpi/e 2, 0, 32;
    %jmp/0xz  T_48.0, 4;
    %load/vec4 v0x55f13c6cf650_0;
    %pad/u 32;
    %cmpi/e 1, 0, 32;
    %jmp/0xz  T_48.2, 4;
    %load/vec4 v0x55f13c6cf390_0;
    %load/vec4 v0x55f13c6cf2b0_0;
    %concat/vec4; draw_concat_vec4
    %addi 1, 0, 16;
    %split/vec4 8;
    %assign/vec4 v0x55f13c6cf2b0_0, 0;
    %assign/vec4 v0x55f13c6cf390_0, 0;
T_48.2 ;
    %load/vec4 v0x55f13c6cf470_0;
    %pad/u 32;
    %cmpi/e 0, 0, 32;
    %flag_get/vec4 4;
    %jmp/0 T_48.6, 4;
    %load/vec4 v0x55f13c6cf890_0;
    %pad/u 32;
    %pushi/vec4 1, 0, 32;
    %cmp/e;
    %flag_get/vec4 4;
    %and;
T_48.6;
    %flag_set/vec4 8;
    %jmp/0xz  T_48.4, 8;
    %load/vec4 v0x55f13c6cf110_0;
    %assign/vec4 v0x55f13c6cf2b0_0, 0;
T_48.4 ;
    %load/vec4 v0x55f13c6cf470_0;
    %pad/u 32;
    %cmpi/e 1, 0, 32;
    %flag_get/vec4 4;
    %jmp/0 T_48.9, 4;
    %load/vec4 v0x55f13c6cf890_0;
    %pad/u 32;
    %pushi/vec4 1, 0, 32;
    %cmp/e;
    %flag_get/vec4 4;
    %and;
T_48.9;
    %flag_set/vec4 8;
    %jmp/0xz  T_48.7, 8;
    %load/vec4 v0x55f13c6cf110_0;
    %assign/vec4 v0x55f13c6cf390_0, 0;
T_48.7 ;
T_48.0 ;
    %jmp T_48;
    .thread T_48;
    .scope S_0x55f13c688480;
T_49 ;
    %pushi/vec4 0, 0, 8;
    %store/vec4 v0x55f13c6d41f0_0, 0, 8;
    %end;
    .thread T_49;
    .scope S_0x55f13c688480;
T_50 ;
    %wait E_0x55f13c50d5d0;
    %load/vec4 v0x55f13c6d4130_0;
    %pad/u 32;
    %cmpi/e 2, 0, 32;
    %jmp/0xz  T_50.0, 4;
    %load/vec4 v0x55f13c6d4790_0;
    %pad/u 32;
    %cmpi/e 1, 0, 32;
    %jmp/0xz  T_50.2, 4;
    %load/vec4 v0x55f13c6d3ee0_0;
    %assign/vec4 v0x55f13c6d41f0_0, 0;
T_50.2 ;
    %load/vec4 v0x55f13c6d4450_0;
    %pad/u 32;
    %cmpi/e 1, 0, 32;
    %jmp/0xz  T_50.4, 4;
    %load/vec4 v0x55f13c6d42d0_0;
    %ix/load 5, 0, 0;
    %ix/load 4, 0, 0;
    %flag_set/imm 4, 0;
    %assign/vec4/off/d v0x55f13c6d41f0_0, 4, 5;
T_50.4 ;
T_50.0 ;
    %jmp T_50;
    .thread T_50;
    .scope S_0x55f13c68c540;
T_51 ;
    %pushi/vec4 0, 0, 4;
    %store/vec4 v0x55f13c6d0270_0, 0, 4;
    %end;
    .thread T_51;
    .scope S_0x55f13c68c540;
T_52 ;
    %wait E_0x55f13c50d5d0;
    %load/vec4 v0x55f13c6d0570_0;
    %pad/u 32;
    %cmpi/e 1, 0, 32;
    %jmp/0xz  T_52.0, 4;
    %pushi/vec4 1, 0, 1;
    %ix/load 5, 0, 0;
    %ix/load 4, 3, 0;
    %flag_set/imm 4, 0;
    %assign/vec4/off/d v0x55f13c6d0270_0, 4, 5;
T_52.0 ;
    %jmp T_52;
    .thread T_52;
    .scope S_0x55f13c68c540;
T_53 ;
    %wait E_0x55f13c50d5d0;
    %load/vec4 v0x55f13c6d0b00_0;
    %pad/u 32;
    %cmpi/e 1, 0, 32;
    %jmp/0xz  T_53.0, 4;
    %pushi/vec4 1, 0, 1;
    %ix/load 5, 0, 0;
    %ix/load 4, 2, 0;
    %flag_set/imm 4, 0;
    %assign/vec4/off/d v0x55f13c6d0270_0, 4, 5;
T_53.0 ;
    %jmp T_53;
    .thread T_53;
    .scope S_0x55f13c68c540;
T_54 ;
    %wait E_0x55f13c50d5d0;
    %load/vec4 v0x55f13c6d06d0_0;
    %pad/u 32;
    %cmpi/e 1, 0, 32;
    %jmp/0xz  T_54.0, 4;
    %pushi/vec4 1, 0, 1;
    %ix/load 5, 0, 0;
    %ix/load 4, 1, 0;
    %flag_set/imm 4, 0;
    %assign/vec4/off/d v0x55f13c6d0270_0, 4, 5;
T_54.0 ;
    %jmp T_54;
    .thread T_54;
    .scope S_0x55f13c68c540;
T_55 ;
    %wait E_0x55f13c50d5d0;
    %load/vec4 v0x55f13c6d0350_0;
    %pad/u 32;
    %cmpi/e 1, 0, 32;
    %jmp/0xz  T_55.0, 4;
    %pushi/vec4 1, 0, 1;
    %ix/load 5, 0, 0;
    %ix/load 4, 0, 0;
    %flag_set/imm 4, 0;
    %assign/vec4/off/d v0x55f13c6d0270_0, 4, 5;
T_55.0 ;
    %jmp T_55;
    .thread T_55;
    .scope S_0x55f13c68c540;
T_56 ;
    %wait E_0x55f13c50d5d0;
    %load/vec4 v0x55f13c6d01b0_0;
    %pad/u 32;
    %cmpi/e 2, 0, 32;
    %jmp/0xz  T_56.0, 4;
    %load/vec4 v0x55f13c6d0920_0;
    %pad/u 32;
    %cmpi/e 1, 0, 32;
    %jmp/0xz  T_56.2, 4;
    %pushi/vec4 0, 0, 4;
    %assign/vec4 v0x55f13c6d0270_0, 0;
T_56.2 ;
T_56.0 ;
    %jmp T_56;
    .thread T_56;
    .scope S_0x55f13c68e5a0;
T_57 ;
    %pushi/vec4 0, 0, 5;
    %store/vec4 v0x55f13c6c14f0_0, 0, 5;
    %end;
    .thread T_57;
    .scope S_0x55f13c68e5a0;
T_58 ;
    %wait E_0x55f13c50d5d0;
    %load/vec4 v0x55f13c6c1430_0;
    %pad/u 32;
    %cmpi/e 3, 0, 32;
    %jmp/0xz  T_58.0, 4;
    %load/vec4 v0x55f13c6c14f0_0;
    %addi 1, 0, 5;
    %assign/vec4 v0x55f13c6c14f0_0, 0;
    %load/vec4 v0x55f13c6c15b0_0;
    %pad/u 32;
    %cmpi/e 1, 0, 32;
    %jmp/0xz  T_58.2, 4;
    %pushi/vec4 0, 0, 5;
    %assign/vec4 v0x55f13c6c14f0_0, 0;
T_58.2 ;
T_58.0 ;
    %jmp T_58;
    .thread T_58;
    .scope S_0x55f13c68f5d0;
T_59 ;
    %pushi/vec4 0, 0, 32;
    %store/vec4 v0x55f13c6c0c60_0, 0, 32;
    %end;
    .thread T_59;
    .scope S_0x55f13c68f5d0;
T_60 ;
    %wait E_0x55f13c50d5d0;
    %load/vec4 v0x55f13c6c08d0_0;
    %pad/u 32;
    %cmpi/e 2, 0, 32;
    %jmp/0xz  T_60.0, 4;
    %load/vec4 v0x55f13c6c0e20_0;
    %pad/u 32;
    %cmpi/e 1, 0, 32;
    %jmp/0xz  T_60.2, 4;
    %load/vec4 v0x55f13c6c06a0_0;
    %ix/load 5, 0, 0;
    %ix/load 4, 24, 0;
    %flag_set/imm 4, 0;
    %assign/vec4/off/d v0x55f13c6c0c60_0, 4, 5;
T_60.2 ;
    %load/vec4 v0x55f13c6c0ee0_0;
    %pad/u 32;
    %cmpi/e 1, 0, 32;
    %jmp/0xz  T_60.4, 4;
    %load/vec4 v0x55f13c6c06a0_0;
    %ix/load 5, 0, 0;
    %ix/load 4, 16, 0;
    %flag_set/imm 4, 0;
    %assign/vec4/off/d v0x55f13c6c0c60_0, 4, 5;
T_60.4 ;
    %load/vec4 v0x55f13c6c0fa0_0;
    %pad/u 32;
    %cmpi/e 1, 0, 32;
    %jmp/0xz  T_60.6, 4;
    %load/vec4 v0x55f13c6c06a0_0;
    %ix/load 5, 0, 0;
    %ix/load 4, 8, 0;
    %flag_set/imm 4, 0;
    %assign/vec4/off/d v0x55f13c6c0c60_0, 4, 5;
T_60.6 ;
    %load/vec4 v0x55f13c6c1060_0;
    %pad/u 32;
    %cmpi/e 1, 0, 32;
    %jmp/0xz  T_60.8, 4;
    %load/vec4 v0x55f13c6c06a0_0;
    %ix/load 5, 0, 0;
    %ix/load 4, 0, 0;
    %flag_set/imm 4, 0;
    %assign/vec4/off/d v0x55f13c6c0c60_0, 4, 5;
T_60.8 ;
T_60.0 ;
    %jmp T_60;
    .thread T_60;
    .scope S_0x55f13c690600;
T_61 ;
    %pushi/vec4 0, 0, 1;
    %store/vec4 v0x55f13c6cc800_0, 0, 1;
    %pushi/vec4 0, 0, 16;
    %store/vec4 v0x55f13c6cdf30_0, 0, 16;
    %end;
    .thread T_61;
    .scope S_0x55f13c690600;
T_62 ;
    %wait E_0x55f13c50d5d0;
    %load/vec4 v0x55f13c6ca3c0_0;
    %pad/u 32;
    %cmpi/e 0, 0, 32;
    %jmp/0xz  T_62.0, 4;
    %load/vec4 v0x55f13c6cc6c0_0;
    %pad/u 32;
    %cmpi/e 1, 0, 32;
    %flag_get/vec4 4;
    %jmp/0 T_62.6, 4;
    %load/vec4 v0x55f13c6cc760_0;
    %pad/u 32;
    %pushi/vec4 1, 0, 32;
    %cmp/e;
    %flag_get/vec4 4;
    %and;
T_62.6;
    %flag_set/vec4 9;
    %flag_get/vec4 9;
    %jmp/0 T_62.5, 9;
    %load/vec4 v0x55f13c6cdb50_0;
    %pad/u 32;
    %pushi/vec4 0, 0, 32;
    %cmp/e;
    %flag_get/vec4 4;
    %and;
T_62.5;
    %pad/u 32;
    %cmpi/e 1, 0, 32;
    %flag_get/vec4 4;
    %jmp/0 T_62.4, 4;
    %load/vec4 v0x55f13c6cc800_0;
    %pad/u 32;
    %pushi/vec4 0, 0, 32;
    %cmp/e;
    %flag_get/vec4 4;
    %and;
T_62.4;
    %flag_set/vec4 8;
    %jmp/0xz  T_62.2, 8;
    %pushi/vec4 96, 0, 16;
    %assign/vec4 v0x55f13c6cdf30_0, 0;
    %pushi/vec4 1, 0, 1;
    %assign/vec4 v0x55f13c6cc800_0, 0;
    %jmp T_62.3;
T_62.2 ;
    %load/vec4 v0x55f13c6cdce0_0;
    %pad/u 32;
    %cmpi/e 1, 0, 32;
    %jmp/1 T_62.11, 4;
    %flag_mov 9, 4;
    %load/vec4 v0x55f13c6cd3b0_0;
    %pad/u 32;
    %cmpi/e 1, 0, 32;
    %flag_or 4, 9;
T_62.11;
    %flag_get/vec4 4;
    %jmp/1 T_62.10, 4;
    %load/vec4 v0x55f13c6cbd80_0;
    %pad/u 32;
    %pushi/vec4 1, 0, 32;
    %cmp/e;
    %flag_get/vec4 4;
    %or;
T_62.10;
    %pad/u 32;
    %cmpi/e 1, 0, 32;
    %flag_get/vec4 4;
    %jmp/0 T_62.9, 4;
    %load/vec4 v0x55f13c6cc800_0;
    %pad/u 32;
    %pushi/vec4 0, 0, 32;
    %cmp/e;
    %flag_get/vec4 4;
    %and;
T_62.9;
    %flag_set/vec4 8;
    %jmp/0xz  T_62.7, 8;
    %pushi/vec4 96, 0, 16;
    %assign/vec4 v0x55f13c6cdf30_0, 0;
    %pushi/vec4 1, 0, 1;
    %assign/vec4 v0x55f13c6cc800_0, 0;
    %jmp T_62.8;
T_62.7 ;
    %load/vec4 v0x55f13c6cdce0_0;
    %pad/u 32;
    %cmpi/e 1, 0, 32;
    %jmp/1 T_62.17, 4;
    %flag_mov 9, 4;
    %load/vec4 v0x55f13c6cd3b0_0;
    %pad/u 32;
    %cmpi/e 1, 0, 32;
    %flag_or 4, 9;
T_62.17;
    %jmp/1 T_62.16, 4;
    %flag_mov 9, 4;
    %load/vec4 v0x55f13c6cbd80_0;
    %pad/u 32;
    %cmpi/e 1, 0, 32;
    %flag_or 4, 9;
T_62.16;
    %flag_get/vec4 4;
    %jmp/1 T_62.15, 4;
    %load/vec4 v0x55f13c6cc6c0_0;
    %pad/u 32;
    %cmpi/e 1, 0, 32;
    %flag_get/vec4 4;
    %jmp/0 T_62.18, 4;
    %load/vec4 v0x55f13c6cc760_0;
    %pad/u 32;
    %pushi/vec4 1, 0, 32;
    %cmp/e;
    %flag_get/vec4 4;
    %and;
T_62.18;
    %or;
T_62.15;
    %pad/u 32;
    %cmpi/e 0, 0, 32;
    %flag_get/vec4 4;
    %jmp/0 T_62.14, 4;
    %load/vec4 v0x55f13c6cc800_0;
    %pad/u 32;
    %pushi/vec4 1, 0, 32;
    %cmp/e;
    %flag_get/vec4 4;
    %and;
T_62.14;
    %flag_set/vec4 8;
    %jmp/0xz  T_62.12, 8;
    %pushi/vec4 96, 0, 16;
    %assign/vec4 v0x55f13c6cdf30_0, 0;
    %pushi/vec4 0, 0, 1;
    %assign/vec4 v0x55f13c6cc800_0, 0;
    %jmp T_62.13;
T_62.12 ;
    %load/vec4 v0x55f13c6cd470_0;
    %pad/u 32;
    %cmpi/e 0, 0, 32;
    %jmp/1 T_62.21, 4;
    %flag_mov 8, 4;
    %load/vec4 v0x55f13c6cc800_0;
    %pad/u 32;
    %cmpi/e 1, 0, 32;
    %flag_or 4, 8;
T_62.21;
    %jmp/0xz  T_62.19, 4;
    %load/vec4 v0x55f13c6cdb50_0;
    %pad/u 32;
    %cmpi/u 9, 0, 32;
    %jmp/0xz  T_62.22, 5;
    %load/vec4 v0x55f13c6cdb50_0;
    %pad/u 6;
    %ix/vec4 4;
    %load/vec4a v0x55f13c6cb350, 4;
    %assign/vec4 v0x55f13c6cdf30_0, 0;
    %jmp T_62.23;
T_62.22 ;
    %load/vec4 v0x55f13c6cdb50_0;
    %pad/u 32;
    %subi 9, 0, 32;
    %ix/vec4 4;
    %load/vec4a v0x55f13c6cbe40, 4;
    %assign/vec4 v0x55f13c6cdf30_0, 0;
T_62.23 ;
    %jmp T_62.20;
T_62.19 ;
    %load/vec4 v0x55f13c6cdb50_0;
    %pad/u 32;
    %cmpi/u 11, 0, 32;
    %jmp/0xz  T_62.24, 5;
    %load/vec4 v0x55f13c6cdb50_0;
    %pad/u 6;
    %ix/vec4 4;
    %load/vec4a v0x55f13c6cb350, 4;
    %assign/vec4 v0x55f13c6cdf30_0, 0;
    %jmp T_62.25;
T_62.24 ;
    %load/vec4 v0x55f13c6cdb50_0;
    %pad/u 32;
    %subi 11, 0, 32;
    %ix/vec4 4;
    %load/vec4a v0x55f13c6cbe40, 4;
    %assign/vec4 v0x55f13c6cdf30_0, 0;
T_62.25 ;
T_62.20 ;
T_62.13 ;
T_62.8 ;
T_62.3 ;
T_62.0 ;
    %jmp T_62;
    .thread T_62;
    .scope S_0x55f13c690600;
T_63 ;
    %vpi_call 5 304 "$readmemh", "control_rom.mem", v0x55f13c6cbe40 {0 0 0};
    %vpi_call 5 305 "$readmemh", "fetch.mem", v0x55f13c6cb410 {0 0 0};
    %vpi_call 5 306 "$readmemh", "fetch2.mem", v0x55f13c6cb350 {0 0 0};
    %end;
    .thread T_63;
    .scope S_0x55f13c682390;
T_64 ;
    %pushi/vec4 0, 0, 1;
    %store/vec4 v0x55f13c6f2c00_0, 0, 1;
    %end;
    .thread T_64;
    .scope S_0x55f13c682390;
T_65 ;
    %pushi/vec4 0, 0, 1;
    %store/vec4 v0x55f13c6f2c00_0, 0, 1;
T_65.0 ;
    %delay 1, 0;
    %load/vec4 v0x55f13c6f2c00_0;
    %inv;
    %store/vec4 v0x55f13c6f2c00_0, 0, 1;
    %jmp T_65.0;
T_65.1 ;
    %end;
    .thread T_65;
    .scope S_0x55f13c682390;
T_66 ;
    %vpi_call 2 23 "$dumpfile", "dump.vcd" {0 0 0};
    %vpi_call 2 24 "$dumpvars", 32'sb00000000000000000000000000000000 {0 0 0};
    %end;
    .thread T_66;
# The file index is used to find the file name in the following table.
:file_names 18;
    "N/A";
    "<interactive>";
    "CPU.v";
    "ALU.v";
    "Clock.v";
    "ControlUnit.v";
    "InstructionRegister.v";
    "UC.v";
    "INTPC.v";
    "INTR.v";
    "MAR.v";
    "Memory.v";
    "PC.v";
    "PSR.v";
    "PTBR.v";
    "PTER.v";
    "GeneralRegisters.v";
    "GeneralRegister.v";
